age,income,credit_score,employment_years,debt,credit_limit,previous_defaults,utilization,payment_history,default
25,92454.9,705.0,11,15961.51,60701.78,0,0.3049,89.78,1
58,59444.62,611.0,22,34575.35,54290.77,0,0.2758,88.69,1
53,72996.0,792.0,23,38119.14,40888.16,0,0.154,72.11,0
42,18000.0,747.0,32,26608.18,19172.87,0,0.4416,86.41,0
42,39560.35,697.0,27,3715.88,51956.06,0,0.4376,100.0,1
63,58536.86,519.0,8,23887.28,11030.23,0,0.1591,85.02,1
25,41413.07,621.0,7,28210.33,60614.0,1,0.3096,92.82,1
55,80716.72,738.0,31,26708.5,38200.08,1,0.431,90.32,1
30,108940.52,775.0,17,27419.45,3000.0,0,0.2582,85.68,0
25,39114.48,768.0,3,22359.16,29551.9,1,0.5782,84.24,1
46,46575.81,579.0,28,17131.05,45463.17,0,0.6064,88.57,1
68,70179.86,711.0,22,10699.59,31207.62,0,0.38,91.16,0
57,100444.56,761.0,0,500.0,46440.09,0,0.4536,65.77,0
58,38107.77,574.0,27,22075.7,21399.61,0,0.3805,84.97,1
56,70478.79,689.0,21,20232.63,14104.28,0,0.2895,79.79,0
59,105068.57,709.0,21,24690.91,33856.87,0,0.1443,77.3,0
46,28661.3,669.0,30,1949.48,35505.05,0,0.101,97.55,0
27,36816.48,560.0,17,25740.2,29425.85,0,0.6575,73.2,1
62,55680.65,667.0,16,42654.54,54636.66,0,0.3202,65.26,1
43,53547.05,667.0,21,18941.4,21396.68,0,0.7917,91.55,0
45,82877.23,680.0,6,17260.02,40010.65,0,0.3127,64.96,1
39,70316.51,651.0,5,21708.03,36087.52,0,0.2059,58.86,1
29,25950.83,659.0,29,42388.04,10092.54,1,0.4185,92.9,1
66,76339.03,687.0,7,5716.23,13895.52,0,0.2026,83.9,0
59,52294.14,721.0,17,20438.48,35190.58,0,0.6633,87.67,0
52,93037.84,669.0,9,8404.11,66699.2,1,0.4681,76.69,0
40,51193.07,661.0,8,11435.94,44268.32,0,0.1473,65.39,0
61,50994.46,696.0,20,17404.92,7389.84,0,0.1371,67.77,0
47,76904.9,556.0,28,34167.88,3000.0,0,0.3167,78.73,1
42,81784.38,723.0,15,39611.89,46728.86,0,0.3383,66.73,1
43,74858.19,690.0,4,23377.71,33460.58,0,0.1545,85.68,0
32,27916.86,693.0,8,13480.86,53260.26,0,0.8773,76.45,1
25,76836.76,757.0,5,47912.87,20908.51,0,0.1522,84.22,0
48,42245.22,553.0,30,12869.35,40603.4,0,0.3719,83.86,1
64,70176.07,552.0,11,11146.37,48538.78,1,0.332,86.64,1
24,33677.84,709.0,13,500.0,27840.58,1,0.1588,87.99,0
63,74819.09,690.0,2,34753.1,28182.63,1,0.119,77.87,0
61,47254.82,702.0,15,29618.95,35404.21,0,0.6961,84.21,0
34,36782.04,658.0,31,47013.67,43682.82,0,0.255,84.83,1
51,80704.04,737.0,14,1325.72,34770.66,0,0.2189,52.85,0
29,70316.18,755.0,22,35498.05,50583.94,0,0.2567,89.76,0
58,51492.51,724.0,6,18841.63,27609.04,0,0.6263,83.8,0
55,96925.93,672.0,5,27673.2,13745.68,0,0.2414,88.77,1
38,55305.65,542.0,25,500.0,66631.61,0,0.4064,66.56,1
24,65706.37,744.0,2,35616.98,25325.86,1,0.5566,78.21,1
68,70916.1,776.0,15,27438.2,25904.93,0,0.4197,68.9,0
42,51367.35,735.0,11,17533.08,33947.15,0,0.322,90.94,1
64,75365.0,628.0,0,25741.35,36074.9,0,0.6856,65.14,1
54,53264.05,737.0,18,8814.06,28813.06,1,0.1224,70.86,0
59,55943.96,750.0,33,11046.72,34721.06,0,0.8036,88.41,0
58,94978.14,799.0,2,12438.66,34363.8,0,0.4614,74.45,0
30,42107.11,629.0,28,500.0,37797.11,0,0.2317,70.86,0
38,18000.0,674.0,18,28341.1,3000.0,0,0.3777,92.88,1
43,100440.61,742.0,25,32299.12,65094.02,1,0.265,93.37,0
45,121085.21,694.0,3,9583.87,32643.39,0,0.4439,90.66,0
23,56084.08,612.0,30,22178.44,44289.96,0,0.2919,92.18,0
47,22389.56,719.0,0,14813.51,12950.38,0,0.1859,79.22,0
28,58169.35,731.0,31,21939.29,27464.0,1,0.4532,79.54,1
57,58703.1,696.0,23,10469.07,24242.95,0,0.7878,74.22,1
54,60821.68,705.0,11,7398.9,58515.58,0,0.193,84.01,0
66,40505.46,672.0,0,30624.9,25626.98,0,0.66,75.67,1
57,77750.35,793.0,21,17233.55,47129.28,0,0.4875,76.8,0
38,76539.16,627.0,3,42265.31,24593.27,0,0.7507,89.2,1
68,32123.08,649.0,21,18555.72,27758.1,1,0.1857,96.21,0
41,80382.33,691.0,27,6887.06,31071.2,0,0.413,86.78,1
36,110159.07,752.0,9,32723.29,55541.52,1,0.6373,100.0,0
65,68783.13,585.0,8,25569.6,4762.36,0,0.6254,73.53,1
39,57578.85,598.0,7,26722.47,13949.38,0,0.5424,59.94,1
24,61875.93,547.0,7,32287.21,3843.12,0,0.3745,90.58,1
44,78535.65,692.0,3,10166.44,17599.97,1,0.7808,72.74,1
59,26925.22,612.0,8,16472.96,22014.4,0,0.4959,78.72,1
30,68616.6,663.0,23,15942.6,9168.3,0,0.6322,60.76,1
43,56409.79,736.0,10,2511.04,23253.64,0,0.6982,71.21,0
27,105652.15,645.0,27,14836.92,3000.0,0,0.4915,63.97,0
54,61168.2,706.0,28,34036.55,18712.18,1,0.6526,76.79,1
44,101693.53,669.0,26,20848.06,54206.73,0,0.4446,77.27,1
37,40717.7,737.0,18,1847.26,41457.41,1,0.6398,83.08,1
32,77919.7,723.0,11,500.0,37999.48,0,0.1123,96.88,0
48,72026.81,642.0,32,37977.31,18955.54,0,0.8139,90.12,1
53,45880.96,678.0,7,16916.17,10422.64,0,0.1794,62.53,1
67,68902.71,763.0,16,10231.08,16773.5,0,0.3961,89.3,0
42,91675.41,718.0,15,14712.1,34308.64,0,0.8469,83.34,0
28,57876.58,592.0,26,500.0,48890.83,0,0.276,80.83,0
61,27776.82,736.0,19,35077.14,49437.88,0,0.7371,81.73,1
51,64613.62,614.0,27,13283.36,45089.8,0,0.3537,84.45,1
55,45146.69,789.0,32,34408.82,23199.09,1,0.277,73.7,1
25,57468.5,762.0,13,18619.82,35392.8,1,0.4658,79.81,0
36,63205.07,710.0,30,35154.38,29858.52,0,0.4557,96.21,0
58,27475.65,701.0,5,21080.33,31780.96,0,0.4188,73.55,0
61,29455.52,675.0,32,28238.79,67594.05,0,0.841,69.64,0
42,75605.47,737.0,6,26629.12,6808.0,0,0.1244,81.26,0
60,53500.19,664.0,29,25479.49,31245.17,0,0.4158,68.43,0
62,18000.0,706.0,13,22175.21,54387.98,0,0.1975,61.33,1
39,82266.57,751.0,33,15205.79,11545.74,0,0.5931,77.87,0
65,70992.13,651.0,4,40985.22,24700.04,0,0.2337,99.38,0
35,49294.75,647.0,16,7116.76,26535.38,0,0.6378,81.54,1
32,36029.74,606.0,31,18051.69,31427.36,0,0.6717,84.14,1
54,83387.77,615.0,1,18178.63,9464.69,0,0.31,56.44,1
52,72685.71,562.0,9,22829.29,44524.58,0,0.5866,87.26,1
27,117417.25,741.0,2,12846.33,45660.6,0,0.3211,83.12,0
61,74244.15,817.0,11,21776.96,43134.01,0,0.1301,74.02,0
30,73529.47,790.0,13,15973.89,21074.02,0,0.1972,84.16,0
60,61327.59,576.0,21,500.0,36384.17,0,0.2401,84.04,1
21,82969.07,741.0,9,18114.63,20608.96,0,0.4629,69.29,0
60,78751.87,790.0,5,4793.22,29678.45,1,0.6975,85.98,0
59,92537.95,658.0,5,500.0,69455.49,1,0.2648,96.37,0
59,53530.9,697.0,32,19642.48,36531.13,0,0.6146,79.26,1
53,55421.04,549.0,33,23854.6,15999.57,0,0.107,71.59,1
44,54459.73,709.0,7,24320.38,37885.37,0,0.6521,79.87,1
55,82397.64,616.0,6,24806.05,13371.27,0,0.3425,92.26,1
34,97964.24,704.0,1,500.0,15815.83,1,0.3154,67.28,0
59,54905.51,581.0,33,1667.8,18342.03,0,0.3976,88.94,1
48,55654.98,728.0,24,41682.26,27891.05,0,0.4864,73.86,1
43,71909.7,762.0,26,5433.49,49991.5,0,0.4634,84.9,0
45,59593.25,635.0,10,25330.09,44254.37,1,0.2414,75.23,1
48,85945.18,610.0,22,9756.75,43367.93,0,0.4568,75.2,0
22,18000.0,539.0,2,18956.07,17417.21,2,0.2578,100.0,1
27,46812.49,671.0,23,10400.95,26338.97,0,0.1343,65.09,0
33,47786.84,649.0,20,24738.49,39352.02,1,0.4359,87.82,1
26,18000.0,581.0,11,19641.29,24946.88,0,0.4391,100.0,1
42,43799.95,722.0,24,12620.52,30546.14,0,0.1617,90.23,0
53,44866.57,659.0,22,5397.93,42061.74,2,0.3384,66.03,1
53,60575.7,615.0,15,21213.29,29419.64,0,0.1132,66.62,0
44,89485.25,651.0,6,3447.37,38616.95,0,0.7109,72.98,1
62,59608.67,765.0,0,23129.77,60483.66,0,0.2033,83.89,0
48,42322.1,732.0,32,49517.82,32250.26,1,0.389,84.71,0
24,63747.0,681.0,9,34202.04,53869.4,0,0.3912,66.74,1
58,88081.82,733.0,10,26620.17,43949.92,0,0.7311,71.53,1
49,43528.91,609.0,23,16972.71,11524.13,0,0.0787,72.26,1
52,44967.35,692.0,8,500.0,17365.81,1,0.799,79.83,1
48,77288.08,700.0,13,2132.56,21662.47,1,0.6379,100.0,1
48,60126.21,657.0,24,33393.51,21322.64,0,0.451,70.8,0
25,79244.66,720.0,20,8522.93,33555.36,0,0.4886,70.28,0
48,64699.77,635.0,22,9608.97,44834.3,0,0.4268,68.4,0
59,80436.6,726.0,0,16012.19,55082.53,0,0.1874,89.63,0
35,42228.28,729.0,15,5255.44,39930.8,0,0.4727,81.5,0
50,64734.14,486.0,16,3278.78,27869.13,0,0.527,71.25,1
22,60364.82,773.0,22,17394.31,3000.0,1,0.5914,77.65,0
38,38250.4,477.0,5,7301.65,36129.43,0,0.7702,72.5,1
42,30603.49,647.0,5,9107.78,35412.32,1,0.2057,85.55,1
69,80086.48,762.0,26,8625.71,37926.86,1,0.5792,100.0,0
31,57279.05,668.0,23,24268.32,68699.84,0,0.8369,88.61,1
34,42509.83,587.0,28,15214.49,54849.54,0,0.3735,80.88,1
41,62884.06,613.0,9,15857.14,47560.97,1,0.6949,74.02,1
69,89816.41,762.0,34,25163.35,19606.77,0,0.8574,65.88,0
62,18000.0,555.0,9,16295.52,26792.08,1,0.704,90.8,1
22,32073.95,769.0,22,14660.95,33482.49,1,0.6674,90.15,0
32,44696.5,686.0,5,23645.4,22593.49,3,0.5128,76.41,1
61,97145.94,607.0,32,26018.37,43007.43,1,0.4093,96.56,1
23,71216.91,649.0,11,16235.12,40710.54,0,0.5283,82.25,0
62,81880.98,619.0,28,18967.29,17587.08,0,0.7181,91.3,1
34,39916.46,751.0,11,8618.52,54149.07,1,0.5352,85.55,1
65,40370.21,741.0,27,7671.8,36636.97,0,0.4247,79.87,1
35,74851.9,570.0,15,27229.77,7334.86,0,0.4993,70.54,1
42,66282.04,662.0,2,23339.3,34178.51,0,0.5895,80.25,0
53,77072.25,630.0,6,23463.58,39499.3,1,0.2878,92.1,1
27,60871.24,781.0,23,21370.25,50564.68,0,0.2506,75.9,0
48,71119.16,595.0,6,18554.44,29600.38,1,0.5264,87.28,1
45,68478.62,802.0,9,26356.94,48247.01,1,0.5908,69.01,1
59,82110.88,688.0,18,29221.31,37994.27,2,0.0789,91.36,0
69,82754.18,609.0,8,28934.74,13959.13,0,0.6451,85.76,1
53,29362.82,643.0,4,16790.67,12357.33,0,0.3318,67.57,1
41,18000.0,634.0,21,34643.91,52960.96,0,0.6056,79.31,1
40,87038.4,601.0,24,20741.53,54135.75,1,0.3447,93.18,1
41,91129.95,697.0,25,25588.51,40166.55,0,0.5031,66.89,1
60,42546.29,604.0,33,21385.05,58931.31,0,0.5829,69.15,1
36,24083.62,537.0,4,20964.08,51905.76,0,0.4324,81.17,1
29,67178.77,663.0,14,9170.98,45938.06,1,0.565,100.0,1
37,85478.44,564.0,8,26416.21,20419.02,0,0.1907,73.93,1
22,104547.08,637.0,31,52143.53,62702.86,0,0.3297,87.94,0
26,76358.55,626.0,18,13502.46,43580.82,1,0.3325,85.12,1
25,56822.23,629.0,3,18851.94,28826.58,0,0.3322,74.93,1
58,45351.13,830.0,24,12645.54,24307.68,0,0.3259,83.93,0
56,65251.93,694.0,1,12143.76,39108.54,0,0.7479,76.63,1
55,58416.18,707.0,9,36533.39,8263.05,1,0.1662,77.71,1
43,42668.51,566.0,25,9924.35,46194.77,0,0.618,62.06,1
56,110072.62,644.0,17,12311.03,19742.87,1,0.4524,81.71,0
28,104273.7,705.0,26,500.0,40929.73,0,0.4487,92.79,0
65,89993.07,618.0,19,8908.66,26654.07,0,0.6804,82.69,0
45,44741.29,754.0,29,500.0,30769.3,0,0.4576,95.09,0
66,83810.43,606.0,19,25581.66,22889.44,1,0.6094,88.96,1
28,79071.78,670.0,1,51596.37,32420.33,2,0.7141,81.29,1
45,74736.0,649.0,2,13599.85,65230.07,0,0.3445,74.46,1
55,92492.64,702.0,27,500.0,57160.95,0,0.48,76.16,0
45,78978.17,645.0,1,28800.0,40671.66,1,0.147,64.35,1
42,81280.31,671.0,13,9276.9,34595.29,0,0.2583,78.8,1
29,79011.94,673.0,0,33592.16,48507.22,0,0.2892,83.75,1
39,72497.41,639.0,10,14615.65,53079.53,2,0.6369,100.0,1
32,25760.56,724.0,20,10418.21,21722.91,0,0.1686,88.34,0
35,66839.66,707.0,6,15864.51,33760.98,0,0.5406,71.62,1
54,52763.78,684.0,16,27093.32,5848.67,0,0.6945,64.73,1
51,36843.5,660.0,34,15270.95,52969.63,0,0.3196,79.52,0
50,101999.97,746.0,2,12039.3,68040.39,1,0.2632,91.74,0
38,103037.9,673.0,2,15614.02,36281.32,0,0.4805,79.35,1
68,94902.85,669.0,9,2737.74,3000.0,0,0.5088,88.5,0
25,70614.7,697.0,28,22764.38,44742.25,0,0.3576,79.83,1
37,94713.75,809.0,14,500.0,20534.57,0,0.5418,90.6,0
26,65265.17,596.0,22,12670.54,24386.41,0,0.6574,62.83,1
37,69461.54,744.0,1,27112.62,45025.22,1,0.3956,100.0,0
68,40943.63,557.0,25,21636.58,39072.87,0,0.1422,68.65,1
38,73733.81,705.0,2,25083.85,27190.26,0,0.3369,91.52,0
65,66328.49,800.0,24,17219.45,24606.31,0,0.2861,78.73,0
45,36341.65,724.0,5,32036.95,37013.38,0,0.6685,80.61,0
55,63873.66,702.0,30,29096.39,28448.55,1,0.2261,79.11,1
43,63245.95,651.0,10,23353.69,17252.21,1,0.5007,85.07,1
34,104546.35,692.0,6,29130.55,29678.99,0,0.5238,87.49,1
58,84672.69,672.0,11,27005.08,40433.48,0,0.1933,94.7,0
68,65251.8,635.0,0,12726.44,32150.34,0,0.6313,98.9,1
33,70473.32,670.0,5,1873.21,12383.86,1,0.6634,85.98,0
59,65972.67,704.0,20,23044.35,50825.03,0,0.4377,100.0,0
33,60535.89,636.0,10,24553.07,3000.0,1,0.4937,83.12,1
56,41186.6,634.0,12,31085.66,27858.16,0,0.2953,94.93,1
59,61676.86,595.0,28,6764.14,25076.82,1,0.5,87.14,1
43,48585.84,717.0,4,7122.83,37370.86,1,0.1524,75.41,0
57,37493.06,728.0,13,23518.8,43986.59,0,0.524,84.17,0
34,76246.88,706.0,6,17146.0,53028.24,1,0.2778,88.04,1
24,73607.82,758.0,16,500.0,23601.52,0,0.7265,81.61,1
25,25692.43,696.0,11,22501.3,44385.32,0,0.2483,86.95,0
42,62300.94,717.0,1,500.0,38133.09,0,0.3893,92.38,0
65,86905.43,711.0,2,6656.92,7615.37,0,0.5749,81.72,0
27,88302.92,684.0,29,34220.18,65408.64,0,0.4269,46.67,1
43,87568.41,653.0,1,39898.55,11979.6,1,0.4639,100.0,1
55,65856.09,845.0,27,3412.12,41711.96,0,0.2042,78.43,0
30,46409.0,658.0,32,14047.3,41239.36,0,0.4235,72.12,1
56,41158.63,643.0,16,18511.47,39410.19,1,0.4275,68.51,1
35,72581.31,720.0,10,39374.72,27086.77,0,0.3954,77.96,0
60,73344.16,708.0,27,12085.57,48236.04,0,0.6566,75.25,1
49,93321.28,592.0,34,12277.39,10034.12,0,0.249,73.16,1
47,89199.55,769.0,4,36584.71,33946.74,0,0.4017,73.81,0
29,62090.97,683.0,33,13502.53,25978.01,1,0.1227,88.36,1
43,37627.47,612.0,33,26666.42,24163.23,0,0.3475,100.0,1
62,57979.65,773.0,4,500.0,41859.96,0,0.107,91.85,0
21,69779.09,734.0,1,15945.21,52239.66,0,0.2594,95.47,0
58,60554.17,601.0,25,500.0,29507.91,0,0.7148,77.47,1
45,52286.33,814.0,2,5334.79,47490.9,1,0.5465,83.26,0
56,70563.47,736.0,21,28070.42,35795.85,1,0.6575,87.12,1
53,53912.93,689.0,2,17401.14,20716.28,0,0.3581,74.09,1
42,51182.55,801.0,24,14170.73,30872.77,0,0.4331,76.89,0
36,71851.96,701.0,8,9015.0,30208.23,0,0.6689,92.25,1
51,56156.16,688.0,3,15352.13,23853.44,1,0.3444,95.08,0
27,70370.3,644.0,2,21613.36,41855.73,0,0.4446,82.81,1
49,71010.49,731.0,6,29794.99,38754.34,0,0.2581,67.66,1
25,39932.56,723.0,18,500.0,9549.6,0,0.5561,78.45,0
52,54412.7,691.0,2,8018.87,8575.58,1,0.376,64.7,1
51,96631.09,635.0,28,19909.15,41794.95,0,0.5424,82.9,1
25,39434.25,699.0,21,16813.64,21955.42,0,0.2429,85.06,1
58,18433.6,685.0,10,22840.51,39832.66,0,0.6075,78.75,1
41,24039.41,597.0,34,21210.48,47494.91,0,0.2458,84.9,1
59,65640.42,587.0,23,14341.59,14664.75,0,0.083,87.0,1
23,65680.18,730.0,23,11677.76,12415.4,0,0.3154,85.08,1
29,62412.56,508.0,6,15053.98,61790.91,0,0.6545,67.58,1
45,91712.18,704.0,24,31784.91,40625.13,0,0.2943,78.96,0
30,18000.0,657.0,19,9215.9,28292.15,1,0.447,86.92,1
37,73710.55,782.0,34,17246.32,20056.95,0,0.3122,100.0,0
53,99351.64,655.0,16,20200.11,26832.95,0,0.5929,78.74,1
28,40188.82,736.0,23,36724.21,15950.84,0,0.7076,88.61,0
54,56644.26,662.0,11,14396.3,49134.59,1,0.3986,92.54,1
26,48436.38,698.0,1,29505.68,22571.98,0,0.2103,79.64,0
29,45324.39,742.0,4,32783.75,52496.55,2,0.3668,95.78,0
49,57822.24,658.0,30,17234.95,28589.94,0,0.644,96.43,0
59,96404.68,760.0,25,15471.37,18306.4,0,0.1855,98.56,0
29,105422.51,620.0,12,14051.36,28179.17,0,0.3945,87.5,0
35,57609.34,711.0,24,14930.12,3000.0,0,0.2925,100.0,0
66,106911.32,755.0,0,28250.88,33067.7,0,0.0492,74.62,0
69,65782.68,736.0,1,20772.12,32278.09,1,0.1942,100.0,0
49,103581.2,824.0,17,20823.48,48195.88,0,0.3127,91.22,0
42,62947.43,637.0,21,4497.32,4819.12,0,0.6502,98.08,0
37,67883.27,593.0,32,6390.12,53589.86,0,0.4472,78.16,0
51,73040.44,620.0,26,43721.36,48129.59,0,0.394,92.13,1
49,134934.78,736.0,9,15866.09,55032.7,1,0.5708,99.12,0
35,83728.28,725.0,28,8702.74,34156.46,1,0.3661,68.95,1
22,49440.18,697.0,17,35173.19,51222.35,1,0.1508,80.04,1
28,86317.95,611.0,28,21381.7,11460.1,1,0.3088,56.3,1
67,57039.68,744.0,6,24937.86,46408.76,0,0.3798,79.86,1
41,54225.5,604.0,0,16343.44,22661.4,0,0.6078,72.21,1
44,84989.23,771.0,2,14175.92,8577.57,1,0.2844,79.39,1
43,65683.88,850.0,34,15964.96,17013.75,1,0.3533,100.0,0
59,71128.67,716.0,2,1407.14,35088.5,1,0.3698,100.0,0
24,65307.67,731.0,32,16944.87,21811.21,0,0.4129,64.73,0
25,72404.83,655.0,25,21552.4,41017.18,1,0.6474,88.67,1
34,74349.25,563.0,5,40205.56,6068.2,0,0.5174,91.59,1
44,22386.73,648.0,30,19031.99,3000.0,0,0.3432,77.95,1
53,79664.6,613.0,5,500.0,56958.2,1,0.6236,84.14,1
45,43395.57,589.0,5,16872.17,49460.8,0,0.1558,85.31,0
42,33269.42,811.0,20,50874.05,18211.25,0,0.3204,65.84,0
66,63714.95,709.0,10,28396.39,34952.01,1,0.5286,69.62,1
28,66847.58,717.0,10,8269.33,51312.11,1,0.4946,84.07,1
49,49742.86,668.0,6,25093.28,41707.21,2,0.2851,83.19,1
47,83282.7,678.0,21,9095.84,37371.57,0,0.2937,73.5,0
44,35472.15,758.0,0,1754.31,52522.47,0,0.161,72.47,0
60,56047.24,688.0,8,13819.57,23308.6,1,0.349,80.92,1
34,52132.77,727.0,19,19098.32,35498.86,0,0.2184,92.63,0
67,63975.08,676.0,17,500.0,34714.42,1,0.2602,81.08,0
37,71135.01,666.0,24,4210.09,30635.81,1,0.388,100.0,0
47,42826.36,592.0,7,18124.03,28763.11,0,0.8045,73.65,1
46,80934.22,552.0,22,13101.92,36165.89,0,0.5109,84.32,1
62,66386.05,672.0,26,22737.74,35550.52,0,0.4474,77.75,0
42,23377.18,694.0,13,3423.98,18225.16,0,0.1001,89.06,1
34,21910.99,600.0,8,26569.36,47828.73,1,0.3607,72.62,1
22,64728.98,688.0,19,3794.89,19377.84,0,0.8351,100.0,0
38,60138.72,694.0,20,37712.81,31508.26,1,0.3496,61.71,1
61,62724.76,539.0,3,500.0,30275.51,0,0.5712,100.0,0
21,64384.39,626.0,19,4889.35,40729.66,1,0.3919,83.08,1
64,69962.32,719.0,5,23008.45,3000.0,0,0.5298,88.63,0
47,85848.29,717.0,19,37970.8,49254.56,0,0.5627,98.01,1
27,40555.69,609.0,32,21780.52,24168.15,1,0.6401,92.29,1
35,39216.62,701.0,18,24754.3,54519.41,0,0.058,73.24,0
48,40946.88,762.0,26,18210.44,27349.36,1,0.0661,89.2,0
36,71356.17,744.0,10,5683.22,34218.5,0,0.3525,100.0,0
26,92388.84,683.0,32,12118.34,65620.58,1,0.7063,71.35,1
53,55510.53,657.0,28,3457.08,30562.59,0,0.5321,100.0,0
53,18000.0,646.0,32,2655.48,54821.6,0,0.4397,86.63,1
26,27512.16,723.0,25,22820.99,35624.72,1,0.2902,76.8,0
34,46673.19,704.0,22,4521.86,41646.7,0,0.3975,71.28,1
32,52729.96,734.0,18,21834.65,36119.34,0,0.1933,79.32,0
53,56015.45,699.0,32,2378.13,48565.63,0,0.9141,58.54,1
56,65848.78,747.0,29,21556.6,24031.49,1,0.2793,77.02,0
56,58141.58,697.0,14,12135.81,19255.22,0,0.1923,78.84,1
66,88085.47,745.0,2,34879.39,24782.78,0,0.2983,69.11,0
58,50127.62,751.0,0,21884.63,36595.37,0,0.6483,90.97,0
36,46029.0,634.0,8,32829.39,31466.9,0,0.6014,79.37,1
26,75535.26,563.0,2,8932.24,46364.4,1,0.6966,74.37,1
51,31215.87,798.0,7,18673.72,55875.71,0,0.2697,78.1,0
65,73573.22,708.0,3,6226.95,19386.59,0,0.5738,86.26,1
68,67256.17,570.0,34,13036.74,23256.82,0,0.4098,82.88,1
32,61756.27,640.0,3,14854.75,12020.17,0,0.4995,73.59,1
32,99942.07,744.0,21,9289.7,67485.97,0,0.1505,83.51,0
22,51311.44,670.0,12,3413.97,39874.71,0,0.5448,81.39,0
27,110326.56,654.0,6,1037.79,42676.84,1,0.855,68.33,1
48,60040.51,788.0,24,500.0,13556.67,0,0.2725,78.54,0
47,36905.64,617.0,33,5323.84,34981.28,1,0.1563,88.95,1
39,66538.23,634.0,27,25529.93,43147.97,0,0.9176,88.87,1
36,41322.61,705.0,34,500.0,30955.88,1,0.5725,79.24,1
61,48461.37,717.0,20,1582.53,52211.29,0,0.5636,90.12,0
43,73734.73,725.0,23,39490.78,71989.3,1,0.7488,70.24,1
60,77222.81,754.0,5,10362.05,19846.99,1,0.6819,70.61,1
68,51312.31,704.0,29,21852.55,18646.6,1,0.2937,78.98,1
36,86722.91,724.0,26,25707.81,20955.9,0,0.1763,99.97,0
30,90465.17,672.0,8,25950.31,60699.19,0,0.6752,83.96,1
67,96598.64,694.0,12,500.0,51677.69,1,0.2648,78.7,0
52,76647.09,698.0,21,15227.28,32831.55,1,0.2236,100.0,1
35,94995.43,705.0,0,500.0,35584.95,0,0.7482,78.56,0
51,23622.43,744.0,28,47355.81,21935.3,0,0.2272,100.0,0
46,58006.06,729.0,9,500.0,49240.43,0,0.3617,75.86,0
65,45925.88,693.0,2,5425.92,28921.57,1,0.7409,69.86,0
33,67622.97,633.0,11,5512.79,30838.78,0,0.1108,80.0,0
69,52428.12,695.0,29,500.0,44740.64,0,0.7939,79.01,0
66,61344.53,688.0,9,34231.13,31992.08,0,0.1113,72.31,0
29,106407.85,704.0,18,47069.37,31240.54,0,0.3126,100.0,0
29,61266.16,844.0,28,12291.01,35169.2,1,0.1621,85.82,0
47,74103.43,653.0,1,2154.92,47725.69,0,0.37,87.57,0
23,59890.07,720.0,26,500.0,61343.89,0,0.4312,76.46,0
35,66665.69,765.0,10,15070.7,44367.78,0,0.1943,75.07,0
42,65132.37,697.0,24,14203.61,47853.03,0,0.4011,94.31,1
68,74863.13,850.0,6,10184.45,31802.34,0,0.2101,61.89,0
69,90636.77,664.0,4,20656.5,23675.23,0,0.4281,68.29,1
28,101242.67,713.0,27,22742.08,45463.78,2,0.2188,79.03,1
64,71811.64,634.0,28,21877.0,37739.85,1,0.4464,98.21,1
25,77970.03,665.0,34,14206.5,12237.94,1,0.1777,77.51,1
57,39680.98,707.0,23,4780.54,29750.89,0,0.4107,86.99,0
62,63066.71,749.0,16,25990.0,33673.65,0,0.1986,82.33,0
64,85686.37,712.0,6,18150.17,26832.67,0,0.3047,97.56,0
31,84051.31,778.0,10,28660.29,58707.77,2,0.4786,62.98,1
64,69655.41,683.0,22,27480.91,42677.42,0,0.2061,90.83,0
26,84500.67,667.0,12,938.86,56970.8,0,0.0659,79.61,0
46,75796.87,850.0,16,789.33,39214.8,0,0.0568,93.1,0
44,91406.74,718.0,5,8933.51,36302.21,2,0.451,72.17,1
36,71365.9,640.0,15,5324.82,20014.43,0,0.6052,82.29,1
22,57174.64,641.0,8,27063.02,35190.87,0,0.7054,80.77,1
58,72388.51,624.0,3,22215.72,35208.86,0,0.6183,69.97,1
37,18000.0,756.0,4,31190.21,13126.18,0,0.282,66.64,0
53,73423.49,664.0,18,22757.84,26367.56,0,0.8968,75.04,1
41,18000.0,699.0,12,20503.79,29827.48,0,0.6994,83.56,0
39,27083.81,686.0,3,32396.76,41615.67,0,0.6959,72.92,1
64,74938.91,741.0,18,23636.73,42381.6,0,0.2502,78.04,0
25,75505.65,631.0,5,18817.21,25698.9,1,0.5662,59.37,1
57,39426.57,615.0,0,35765.44,42501.91,1,0.4433,77.55,1
57,49333.76,706.0,4,19382.17,32086.74,0,0.252,94.28,1
39,95151.9,732.0,15,14347.91,3000.0,0,0.7681,90.46,1
33,54351.34,713.0,33,7946.12,27244.77,1,0.1805,80.96,1
21,114344.25,633.0,8,26436.31,52263.82,0,0.1967,84.92,0
66,64957.76,737.0,9,32844.61,8091.11,0,0.4912,72.06,0
67,73976.8,638.0,8,17392.95,36803.06,1,0.2977,100.0,1
32,100571.24,653.0,12,33694.99,60364.18,0,0.2567,100.0,0
22,67882.6,624.0,25,500.0,22830.19,1,0.2794,83.98,0
27,42948.43,781.0,11,17334.56,35034.39,0,0.5937,100.0,1
24,62586.0,734.0,23,17518.86,14135.74,1,0.8162,73.84,1
61,64216.56,732.0,31,9276.07,61035.7,0,0.4763,66.99,0
64,34975.68,777.0,33,46606.33,33666.68,0,0.4828,73.48,1
28,59371.69,850.0,19,17205.69,35746.03,0,0.4375,79.37,0
57,48671.77,570.0,24,13107.23,56668.81,1,0.4207,100.0,1
29,85335.87,638.0,32,18311.55,45583.65,0,0.6156,78.63,0
38,65761.46,647.0,27,500.0,20989.94,0,0.1193,71.68,0
50,58778.49,630.0,10,8881.58,24643.55,0,0.3494,71.22,0
56,62664.0,615.0,4,29798.88,42918.9,0,0.1849,95.68,1
63,69908.68,669.0,4,10452.66,25014.06,0,0.3973,93.97,1
23,78569.91,605.0,30,8053.5,3000.0,1,0.4733,76.17,1
30,43006.33,713.0,19,33714.31,34148.15,1,0.435,59.49,1
34,42085.07,694.0,10,34083.05,11316.6,0,0.7687,68.46,1
36,89302.94,724.0,12,24203.89,60860.51,0,0.6183,100.0,0
69,55928.59,726.0,9,12538.59,37828.6,1,0.0692,90.27,1
59,33829.47,732.0,28,15126.35,20517.2,0,0.4873,82.79,0
36,74763.88,664.0,21,8350.2,23821.88,1,0.6933,100.0,1
68,75194.14,838.0,30,6062.72,4769.64,0,0.5468,100.0,0
45,31324.26,706.0,10,5467.0,17408.61,0,0.7293,81.57,0
45,70048.6,560.0,16,10583.35,51261.17,0,0.5148,81.79,1
42,81182.83,620.0,4,5583.35,70708.58,0,0.6665,75.02,0
28,73236.5,568.0,33,500.0,46622.34,0,0.483,78.58,1
66,78903.59,691.0,17,20632.83,33527.32,1,0.4544,64.16,1
21,34106.08,681.0,19,20815.15,28088.65,0,0.4941,64.12,1
29,72282.88,657.0,14,38409.51,19696.07,1,0.2987,61.33,1
32,58342.37,831.0,9,9979.94,67956.25,0,0.2384,95.01,0
34,54378.62,728.0,33,21553.21,31980.02,0,0.467,63.26,1
27,84152.22,741.0,17,21752.55,68850.08,0,0.3009,100.0,0
21,97544.04,625.0,23,14953.95,57296.31,0,0.6443,73.24,1
54,104476.14,620.0,1,26932.0,7147.26,2,0.7716,100.0,1
68,93925.77,693.0,9,27302.75,24344.76,0,0.2067,77.62,0
26,62585.85,702.0,28,21928.93,24295.28,1,0.0893,63.21,1
35,72759.84,560.0,3,14932.32,33722.46,1,0.1902,97.41,1
45,81870.1,677.0,3,13709.64,34034.97,1,0.3548,98.82,0
66,67665.91,691.0,28,1586.95,82939.83,0,0.7146,71.13,0
55,67876.81,675.0,10,8328.99,17764.35,0,0.6609,78.02,0
58,83122.57,633.0,9,10535.91,38663.52,1,0.1762,71.13,1
49,63695.78,652.0,19,4512.34,44864.12,0,0.545,80.55,0
41,48955.69,678.0,6,23279.09,34974.85,0,0.3253,83.29,0
30,55881.59,696.0,1,32359.53,36762.89,0,0.353,77.78,1
63,78946.03,732.0,0,7103.25,18283.06,0,0.3198,60.17,0
60,65065.85,766.0,2,21401.3,36703.78,0,0.432,75.03,1
22,72484.62,669.0,5,5590.67,43182.38,0,0.5057,90.44,1
56,79741.74,658.0,24,14340.93,40241.61,1,0.4062,79.49,1
25,56753.49,721.0,10,9716.05,44123.21,0,0.3459,78.07,0
57,81637.46,733.0,2,25222.75,57601.73,0,0.8527,70.83,1
61,73334.54,660.0,0,9854.54,49991.46,1,0.7295,74.68,1
27,37834.11,745.0,16,30139.92,36140.71,1,0.6594,98.91,1
42,96730.71,759.0,29,15051.35,16251.87,0,0.6667,68.32,0
27,53983.62,780.0,11,10204.76,25399.92,2,0.407,90.65,0
48,28587.9,814.0,2,2960.34,31485.9,0,0.3192,82.56,0
66,42009.04,629.0,7,21038.45,39037.53,0,0.7343,84.94,1
24,42537.01,691.0,17,28742.62,27346.68,0,0.6181,73.21,1
40,66147.81,691.0,6,21279.86,20028.27,2,0.1035,77.78,1
68,58975.29,683.0,34,44865.98,15988.82,0,0.2266,81.93,1
35,57589.7,645.0,26,35157.45,8581.16,0,0.732,75.75,1
27,78633.44,586.0,12,14309.67,31240.79,0,0.3333,85.98,1
44,72477.26,696.0,33,14183.67,11485.35,1,0.6634,87.49,0
45,71953.05,636.0,11,23636.36,18991.59,0,0.3939,100.0,0
53,74016.23,696.0,4,7943.77,28697.57,0,0.6125,85.34,0
36,78554.96,634.0,32,31995.46,13625.32,1,0.2975,59.05,0
67,18625.03,613.0,33,22339.21,41076.04,0,0.537,95.96,0
46,56982.36,706.0,10,21077.51,46843.57,0,0.135,79.55,1
35,18000.0,701.0,20,26243.44,26209.17,0,0.6134,100.0,1
68,65793.32,731.0,6,38673.96,28007.56,0,0.5752,99.65,0
66,64898.07,843.0,22,20051.46,43598.88,0,0.6869,75.94,0
45,88001.71,709.0,24,16643.52,23576.08,0,0.2207,90.66,0
22,91127.96,724.0,24,36104.64,22476.26,0,0.5488,74.87,1
50,69461.05,615.0,19,29610.6,54143.98,1,0.3831,82.03,1
48,53992.06,600.0,24,14148.24,49147.0,0,0.2525,90.11,1
28,75673.54,801.0,19,18062.24,44624.8,0,0.5071,95.36,0
52,53385.81,625.0,28,20344.57,49810.31,1,0.2464,92.74,1
62,64969.36,617.0,6,22341.76,3363.54,1,0.4088,82.9,1
26,86695.0,687.0,16,1720.8,56661.37,0,0.0714,100.0,0
56,52729.03,684.0,14,500.0,41272.99,0,0.6402,77.62,0
27,82724.93,627.0,18,7351.32,51172.5,0,0.3867,62.71,1
57,79902.83,669.0,4,6423.14,41194.59,0,0.3459,65.02,0
41,43994.58,776.0,11,10274.11,35782.8,0,0.4872,99.69,0
21,86425.67,634.0,33,25616.53,30595.05,0,0.6425,81.08,0
68,80368.46,592.0,3,15972.85,40874.31,0,0.1526,83.91,0
29,67242.37,756.0,22,20356.74,30012.03,0,0.5485,75.49,0
50,48228.88,724.0,23,3308.36,48886.02,0,0.2407,76.57,0
29,46097.47,647.0,16,12460.29,9616.69,1,0.4634,72.55,1
66,53171.42,579.0,1,25047.09,26334.79,1,0.2803,87.65,1
57,76937.08,638.0,1,25139.43,67717.17,1,0.1191,80.83,0
60,43976.25,686.0,9,9305.11,24982.71,0,0.2576,87.22,0
42,74625.27,772.0,3,19939.95,31181.06,1,0.2494,86.07,0
43,37681.38,617.0,3,44386.17,20878.71,0,0.5425,76.89,1
52,60510.49,684.0,5,17788.82,40373.53,1,0.2915,64.5,1
59,67412.25,737.0,6,9681.76,23219.76,0,0.6366,63.45,0
62,118792.86,523.0,29,15914.85,32030.23,0,0.3779,100.0,1
21,34699.06,762.0,22,19106.13,48581.86,0,0.3226,99.74,0
53,97384.32,607.0,1,16185.98,23819.79,0,0.6974,98.08,1
26,68296.53,713.0,21,17623.74,47617.78,0,0.1435,73.9,1
35,74045.78,707.0,4,678.64,48155.67,0,0.4495,82.11,0
61,67603.65,766.0,14,6448.43,51879.3,0,0.2215,72.22,0
33,74783.99,729.0,1,16207.98,37248.66,0,0.4386,66.26,0
60,61618.93,524.0,3,16016.78,86860.15,0,0.6204,74.93,1
43,96989.1,635.0,4,11205.73,51872.54,0,0.4376,97.91,1
32,54957.63,700.0,15,15875.84,40198.04,0,0.4051,92.09,0
37,89909.16,676.0,16,18732.18,20985.21,0,0.135,70.36,0
47,50823.92,723.0,12,28672.96,33447.05,2,0.4227,78.22,1
58,63674.46,745.0,21,16809.46,57821.23,0,0.6376,90.99,0
50,41416.82,733.0,25,22789.24,62352.55,2,0.361,75.15,1
66,75010.52,675.0,25,11500.8,58653.27,0,0.4163,82.96,0
63,96792.77,561.0,20,24865.15,47563.08,0,0.3933,86.82,1
57,63298.16,658.0,19,22508.76,14909.44,0,0.6993,86.69,1
50,60668.51,719.0,17,28389.8,42794.59,1,0.1281,85.05,1
35,40478.43,614.0,8,26561.53,15137.56,0,0.5917,74.16,1
41,59955.56,734.0,17,25064.83,11200.46,0,0.7483,75.39,0
26,29958.53,754.0,0,16818.99,38826.54,1,0.3452,68.4,1
39,44916.68,699.0,33,20939.27,43371.19,1,0.3937,63.26,1
66,69989.29,476.0,12,30762.11,49454.03,0,0.3886,80.62,1
41,94018.29,601.0,26,10175.11,42954.18,0,0.5559,91.8,1
26,126802.64,822.0,33,10459.11,43505.38,0,0.4553,65.44,0
52,52095.13,652.0,17,20177.18,19245.56,1,0.5663,85.28,1
68,96576.6,551.0,30,22983.36,33320.37,0,0.5834,91.42,1
63,70362.55,776.0,16,8110.72,10886.13,0,0.1963,59.96,1
34,61672.55,691.0,4,17102.85,3000.0,0,0.168,78.75,0
43,74517.08,767.0,0,16872.01,46850.28,0,0.6639,100.0,0
47,66362.16,709.0,4,500.0,22950.01,1,0.5333,88.62,1
33,67428.71,722.0,32,15364.87,48959.98,0,0.0354,59.55,0
34,56016.67,715.0,16,16112.19,52733.56,0,0.4526,89.9,0
32,34241.59,739.0,11,16076.48,25090.92,0,0.2224,73.03,0
69,31040.25,849.0,15,34990.97,44444.98,0,0.118,90.3,0
57,79371.39,758.0,8,3410.42,24421.49,0,0.3271,73.72,0
62,58912.6,579.0,30,8104.53,5465.94,0,0.775,81.36,0
61,51886.04,721.0,34,500.0,36972.95,1,0.143,75.55,0
67,65187.12,770.0,2,12229.0,27466.02,1,0.3324,82.04,0
26,82488.51,774.0,25,13252.28,27958.58,0,0.2878,75.19,0
64,68968.01,660.0,11,11880.27,66605.49,1,0.4667,79.32,1
24,50566.79,772.0,1,31292.13,10586.29,0,0.087,67.89,0
44,91978.45,755.0,32,28327.41,41125.94,0,0.3327,87.89,0
50,99742.08,850.0,2,18934.28,19083.08,1,0.5974,84.1,0
38,75880.25,637.0,7,13552.64,49532.18,0,0.3229,62.6,0
28,86420.6,654.0,0,30314.28,39774.9,0,0.6619,93.91,0
30,92323.12,669.0,16,17762.91,41069.51,0,0.4339,79.88,1
61,89862.18,656.0,20,8180.76,19881.77,0,0.365,83.94,0
36,78510.18,628.0,11,500.0,22750.59,0,0.2331,91.17,0
36,78163.64,497.0,2,12704.23,49836.01,0,0.6625,85.94,1
66,76432.53,660.0,4,27055.72,63332.76,1,0.4936,95.98,1
28,40858.57,716.0,32,45318.46,42684.93,0,0.5588,78.48,1
65,80415.91,655.0,28,18739.32,20641.27,1,0.2514,94.41,0
66,35172.09,825.0,32,8815.73,40423.02,1,0.1348,83.48,0
50,47518.81,691.0,18,3780.42,73839.55,0,0.3021,88.09,0
29,93678.43,780.0,19,24623.46,36638.76,0,0.3575,86.84,0
28,83484.84,708.0,27,500.0,58389.45,0,0.3848,96.89,0
34,97722.76,748.0,21,24604.14,23154.73,0,0.5191,90.66,1
49,59023.16,710.0,15,27812.54,34326.62,0,0.3323,76.68,1
28,39650.53,786.0,10,23235.35,44913.04,0,0.8368,74.3,0
43,59710.38,694.0,16,15364.06,41357.25,0,0.8332,81.4,1
26,67244.69,725.0,2,24779.29,22737.78,0,0.353,72.88,0
47,66737.75,716.0,6,20051.26,22047.72,1,0.2585,69.37,1
22,89940.97,670.0,25,8662.51,50812.55,1,0.4126,56.46,1
55,57052.05,718.0,30,40204.95,54064.81,0,0.457,63.41,0
23,72744.76,846.0,3,13779.85,59194.3,0,0.3512,100.0,0
30,43250.2,671.0,3,27309.03,63862.89,0,0.4841,74.12,1
29,74906.98,719.0,2,500.0,37153.91,0,0.369,100.0,0
61,65068.39,778.0,27,33317.65,30020.81,1,0.4257,86.84,0
23,48504.11,770.0,10,35625.16,56615.86,1,0.5842,81.4,0
42,59811.75,691.0,11,18358.01,46409.11,0,0.5644,63.99,0
49,60948.13,523.0,0,24705.25,19280.72,0,0.5577,82.06,1
46,59056.59,726.0,34,24702.18,18461.83,1,0.8203,100.0,1
54,103969.51,535.0,15,10286.6,42870.88,0,0.3233,100.0,0
60,62834.19,793.0,27,24565.47,32163.61,0,0.4209,85.29,0
40,59634.29,702.0,24,8296.43,34577.12,0,0.1991,68.22,0
61,18856.08,760.0,4,10694.92,52160.53,2,0.4156,70.51,1
36,45327.44,627.0,28,31523.32,47144.59,2,0.3294,71.77,1
69,59212.38,581.0,19,29695.89,56277.97,0,0.2189,97.34,0
45,49911.24,708.0,21,9523.49,4095.42,0,0.5543,100.0,0
57,95397.57,688.0,7,9197.08,39054.37,0,0.4435,84.35,0
63,61371.37,656.0,29,10252.84,46115.02,0,0.9514,78.36,1
59,93345.77,696.0,32,26791.67,10574.63,0,0.7715,100.0,0
62,66357.5,850.0,14,6000.18,24521.67,2,0.1425,70.26,0
47,65819.01,748.0,3,22280.55,21552.24,1,0.5251,82.62,1
23,63046.48,763.0,29,26962.16,35347.17,0,0.3674,87.56,0
45,65083.52,749.0,31,16941.05,61045.66,0,0.1193,71.65,0
29,102813.49,794.0,17,30120.76,67361.43,0,0.2747,74.37,0
64,18000.0,677.0,20,14348.28,21971.4,0,0.3661,73.44,0
32,20965.99,546.0,7,15433.73,43424.92,0,0.8176,99.0,1
32,53050.24,677.0,2,6273.05,43940.77,0,0.3735,100.0,1
33,65319.61,747.0,33,30206.13,41202.01,0,0.3813,83.38,1
52,80182.3,622.0,16,8801.75,41383.67,1,0.2449,78.78,0
48,75407.92,678.0,9,22197.26,39859.88,0,0.8121,74.8,1
67,56546.59,642.0,24,17144.21,62001.12,0,0.1423,82.02,0
41,87418.96,795.0,0,5366.6,52639.46,0,0.4892,75.4,0
34,87664.3,742.0,2,10690.76,18037.54,0,0.4196,80.84,0
23,69049.27,736.0,8,34594.47,47731.54,0,0.4465,86.96,0
21,86178.47,734.0,15,20419.89,49277.97,0,0.2438,77.14,1
39,70998.2,687.0,12,5890.2,40039.48,0,0.6249,79.72,0
66,52647.37,704.0,6,21663.94,53102.79,0,0.274,79.77,0
46,80351.97,607.0,12,16246.63,38009.18,0,0.2972,78.19,0
64,67433.49,537.0,11,59448.56,38207.48,0,0.5654,76.7,1
25,65029.48,701.0,18,21421.49,36939.85,0,0.4578,91.15,0
25,97404.98,713.0,19,13432.5,3000.0,0,0.5621,60.75,1
61,18000.0,775.0,30,35040.34,33713.63,0,0.458,100.0,0
26,33810.95,800.0,28,500.0,24307.99,0,0.0752,83.63,0
23,38884.45,800.0,10,19131.84,16016.83,0,0.2755,89.32,0
40,57008.27,620.0,31,41933.14,57944.29,0,0.1769,90.7,1
66,59398.62,665.0,18,16605.61,43067.32,0,0.6525,73.5,1
54,31838.84,724.0,6,500.0,34522.7,0,0.0369,71.03,0
25,43326.52,850.0,11,13248.98,25963.15,0,0.4873,69.61,0
62,46061.48,794.0,25,35454.22,39738.71,0,0.0712,79.04,0
62,119063.33,768.0,28,22512.84,50862.98,3,0.244,90.39,1
60,104638.32,663.0,13,7933.73,21768.55,0,0.2123,74.99,0
65,55941.51,628.0,5,9777.09,34922.75,0,0.4924,89.3,1
32,57001.17,745.0,6,11283.6,48889.06,0,0.4032,53.58,0
68,39717.51,613.0,3,22334.37,4023.98,0,0.7733,77.37,1
36,23021.13,673.0,24,34058.35,34078.88,0,0.2343,96.01,0
60,62428.64,682.0,17,30629.08,28131.34,0,0.3931,79.95,0
49,43047.26,802.0,15,23472.15,32858.72,0,0.1722,72.05,0
59,63133.29,665.0,23,2020.26,26973.94,0,0.8049,74.12,0
51,29795.47,519.0,29,2064.81,37201.99,0,0.6098,45.66,1
52,48236.56,725.0,27,24399.02,65778.04,1,0.6844,69.86,1
51,68269.8,641.0,4,1854.35,29817.24,0,0.3331,94.69,0
59,73056.61,693.0,20,15293.2,39667.38,1,0.4339,75.01,1
57,74184.38,684.0,30,21649.81,66915.94,0,0.7269,76.43,1
27,35949.24,671.0,27,4348.87,26199.75,0,0.8261,54.02,1
61,83803.09,745.0,11,5708.85,64034.81,0,0.6223,62.43,0
47,47395.34,583.0,13,16870.55,35085.17,0,0.9358,96.28,1
36,78922.87,654.0,31,24043.8,63510.34,1,0.6453,89.41,1
46,64765.95,738.0,1,30738.23,47003.22,2,0.3258,66.43,1
68,34719.48,647.0,18,25284.64,39913.73,1,0.3262,74.43,1
63,58043.65,577.0,4,18883.88,33949.91,0,0.2137,81.65,1
61,73038.0,737.0,31,9045.66,25015.34,1,0.4037,67.65,1
43,78485.24,769.0,1,5149.12,36212.66,1,0.3916,57.95,0
59,61898.27,687.0,0,11869.47,49357.78,0,0.306,80.09,0
39,98699.14,553.0,11,22919.23,34790.22,0,0.4552,88.87,1
54,87165.24,739.0,7,22039.48,29934.04,0,0.4705,89.1,0
52,59353.61,574.0,17,500.0,30987.48,1,0.411,92.5,1
33,81502.68,712.0,10,8571.88,50879.63,0,0.2644,63.36,0
34,107543.46,628.0,12,32454.09,54602.58,0,0.6145,82.69,1
23,108130.66,609.0,19,18950.58,24325.59,0,0.1033,78.78,1
27,37984.0,659.0,19,995.89,24302.59,0,0.8618,80.95,0
42,44616.27,677.0,32,46269.85,41069.74,0,0.4956,79.46,1
44,97668.21,645.0,16,17652.7,59440.51,1,0.2433,74.07,1
29,41717.82,731.0,19,22612.01,53335.84,1,0.2302,45.79,1
41,35904.1,659.0,23,22794.3,14970.36,1,0.2604,95.94,1
50,54303.73,759.0,6,13588.85,30774.78,0,0.4735,85.96,0
32,74244.99,710.0,23,9269.12,20110.34,0,0.3892,64.19,0
37,62747.27,641.0,30,43460.1,30719.8,1,0.441,87.68,1
39,50687.6,629.0,11,30038.47,60670.56,0,0.1354,76.63,1
45,50167.33,575.0,6,27863.25,12238.39,0,0.5543,76.97,0
38,49328.58,710.0,12,24915.47,9098.16,0,0.6967,72.78,0
57,45650.79,665.0,9,5960.19,21743.13,1,0.5974,88.44,0
37,115195.92,524.0,20,33330.36,39596.97,0,0.7021,72.4,1
42,71545.24,652.0,30,7882.41,44932.08,0,0.2279,68.84,1
39,84508.7,627.0,20,21399.44,41999.17,0,0.156,95.58,0
29,54240.3,800.0,4,500.0,53810.97,1,0.6868,79.85,0
54,60908.95,571.0,11,500.0,6790.63,1,0.7159,80.23,1
32,49301.81,589.0,24,21819.49,54013.38,1,0.5317,90.31,1
35,18000.0,768.0,11,8290.81,30006.47,1,0.6253,73.99,1
59,34683.8,785.0,20,500.0,46703.91,0,0.3541,76.38,0
67,25166.39,638.0,24,24487.31,13825.19,1,0.1198,85.67,1
53,18000.0,646.0,11,43440.97,35079.31,0,0.2609,63.5,1
65,38702.1,733.0,22,34674.72,38780.33,0,0.3106,84.65,0
62,94149.02,527.0,13,14912.19,53492.02,0,0.4346,72.93,1
44,64022.4,560.0,4,18106.14,9635.93,1,0.5189,92.27,1
58,93392.4,670.0,13,28652.48,35492.04,0,0.2203,88.56,0
37,74041.62,798.0,15,31465.54,17636.24,0,0.6903,86.97,1
43,82216.29,659.0,0,13877.57,43087.94,0,0.3855,62.72,0
47,45180.27,697.0,31,18410.13,47435.46,0,0.2726,80.76,1
68,76526.92,769.0,18,21607.38,55594.72,0,0.2513,67.87,0
62,81031.71,837.0,1,24646.52,26439.53,0,0.126,81.56,0
44,52313.76,650.0,30,16403.08,49835.62,0,0.6377,54.22,1
52,77309.89,689.0,29,16558.98,56774.43,0,0.1687,63.51,0
30,77456.13,818.0,0,34557.99,8708.05,0,0.3652,96.27,0
60,52909.84,583.0,5,32514.25,44797.52,1,0.6181,86.43,1
48,40299.09,762.0,12,23728.93,50336.18,0,0.1079,77.75,0
47,38949.18,619.0,17,38629.31,30860.38,1,0.3517,71.1,1
58,66903.12,697.0,25,13362.65,15627.62,0,0.3974,68.99,1
52,72194.22,673.0,14,37475.68,50087.29,1,0.3409,84.4,0
24,47564.43,623.0,21,24510.19,15807.86,1,0.5947,77.88,1
35,65584.88,621.0,0,57252.31,32146.38,2,0.2638,100.0,1
29,77551.81,709.0,23,3690.22,34358.02,1,0.3583,79.78,1
57,78600.2,760.0,32,9727.86,46448.61,0,0.6682,82.7,0
22,99141.36,681.0,18,23025.57,24973.9,0,0.5831,65.34,1
30,93093.58,695.0,15,22766.81,24046.66,0,0.3477,77.67,1
50,42971.59,730.0,10,41401.67,36582.65,0,0.5267,84.12,0
55,102038.9,622.0,33,9979.5,51102.25,0,0.1573,77.53,0
45,53318.52,742.0,1,28859.02,71599.2,0,0.4131,76.17,0
63,87987.2,747.0,10,31949.56,10880.3,0,0.4463,85.92,0
66,66495.71,850.0,4,26455.77,40045.47,1,0.9134,100.0,1
27,55932.71,664.0,30,6468.04,17615.44,1,0.1328,83.74,1
67,25230.67,658.0,16,34893.11,51300.98,1,0.6769,95.73,1
51,61225.58,744.0,32,32751.9,19983.29,1,0.5518,89.46,1
52,30693.57,747.0,23,25195.01,24205.63,1,0.0964,95.01,0
25,86280.58,653.0,19,20452.17,25571.67,0,0.4207,74.68,1
51,98369.44,662.0,18,20713.3,33780.82,0,0.698,79.52,1
56,47467.96,728.0,7,17055.17,40171.16,1,0.4456,79.57,1
49,71643.36,632.0,19,25689.42,42739.22,1,0.7008,88.56,1
25,49041.39,661.0,23,18373.62,34907.72,0,0.4978,91.51,0
46,51173.34,696.0,33,7817.7,13721.74,0,0.383,83.5,0
66,82038.88,760.0,19,5416.9,46644.58,0,0.0543,92.52,0
56,64152.16,648.0,32,8975.56,34152.66,1,0.5807,75.24,1
27,103272.26,561.0,33,20665.59,53587.76,1,0.5199,92.62,1
68,54390.89,556.0,18,17676.53,23676.18,1,0.7914,94.19,1
67,86985.4,602.0,15,20584.13,9363.6,0,0.7439,90.13,1
29,67143.1,598.0,4,24009.76,34455.58,0,0.3059,83.61,0
60,82507.12,679.0,9,10472.15,55735.24,0,0.587,90.56,0
40,55162.53,607.0,30,35587.92,37575.07,2,0.4094,71.27,1
50,63909.71,641.0,4,14787.47,31805.28,0,0.3093,84.38,1
42,62459.02,636.0,13,12798.88,21074.45,0,0.4418,85.61,0
59,46606.74,659.0,24,23788.63,63124.26,0,0.4428,66.05,0
69,79565.79,783.0,8,500.0,18526.36,0,0.2854,87.7,0
59,79305.48,736.0,34,8513.59,23393.69,0,0.5476,67.01,0
66,78058.2,691.0,22,29772.87,44120.55,0,0.472,76.86,0
67,98813.24,658.0,0,500.0,5303.67,1,0.7436,82.48,1
25,96885.59,660.0,8,31410.89,55393.45,0,0.4284,73.23,1
33,56751.22,713.0,25,36133.64,44987.09,0,0.179,82.99,0
56,73207.15,731.0,30,13566.54,49387.7,0,0.5339,82.8,1
49,51280.78,626.0,32,21501.75,43929.87,0,0.5147,72.16,0
23,65513.82,693.0,29,31429.05,32422.02,0,0.2988,88.82,1
25,51805.51,548.0,2,12398.53,17989.62,0,0.4107,72.83,0
46,100641.55,705.0,25,28413.31,32758.79,1,0.1919,100.0,1
51,73001.36,743.0,3,9946.21,19396.22,1,0.3466,80.69,0
29,60203.36,670.0,2,12268.77,42778.48,0,0.2943,67.94,1
29,91259.61,817.0,24,8407.96,47908.48,0,0.3459,70.19,0
27,18000.0,628.0,16,22111.77,58628.94,0,0.5434,95.77,1
48,20689.74,705.0,22,31895.63,40948.28,2,0.7772,77.09,1
21,82508.45,687.0,29,15790.64,49793.21,0,0.1715,65.63,0
49,66330.31,683.0,2,2745.01,30245.68,0,0.0338,92.24,0
44,70509.82,682.0,18,5007.52,27347.57,0,0.4505,77.01,0
43,35819.29,697.0,29,22735.19,42578.75,1,0.2369,89.84,1
54,64488.86,749.0,15,40129.4,28816.43,0,0.7125,93.23,0
46,109077.21,786.0,18,22724.7,39306.97,0,0.6819,85.29,0
56,83132.39,690.0,17,13357.24,18020.92,0,0.8025,100.0,1
58,68733.54,747.0,31,27194.21,20893.96,0,0.7508,61.3,0
66,55340.81,641.0,1,15126.02,45166.55,1,0.1205,72.18,1
60,56319.4,744.0,30,13460.58,49187.04,0,0.4807,78.93,0
46,18157.65,637.0,28,6498.49,19229.5,0,0.4363,100.0,0
45,70668.09,766.0,28,34901.39,45729.83,0,0.7011,100.0,0
32,83600.63,845.0,14,500.0,26476.23,0,0.4253,97.46,0
50,30336.37,681.0,18,27574.31,35264.08,0,0.4758,72.47,1
27,50448.83,537.0,12,12435.06,57671.11,0,0.2327,73.87,1
66,39535.78,652.0,8,13075.91,47919.8,0,0.6985,72.06,1
62,43762.27,776.0,30,38307.78,47733.95,1,0.0378,72.6,0
26,66176.6,729.0,17,9430.43,65540.65,1,0.3705,99.91,0
59,19143.15,707.0,25,9839.17,23737.93,1,0.2083,79.07,1
26,78513.95,761.0,3,16435.27,19226.0,0,0.4395,80.66,0
56,81584.81,724.0,27,22966.17,23446.04,0,0.1709,91.29,0
25,59475.74,775.0,23,12697.73,30927.98,0,0.1803,62.04,1
44,18000.0,754.0,34,500.0,3000.0,1,0.2948,82.63,1
53,43078.79,797.0,4,7611.62,31681.15,0,0.5345,68.84,0
56,92123.84,715.0,18,33376.01,26286.87,1,0.4966,78.47,0
41,18000.0,753.0,17,18897.32,47540.16,2,0.4203,74.96,1
66,57354.48,669.0,18,23413.05,40638.71,1,0.3507,74.34,0
58,39039.98,648.0,1,14862.95,25388.85,0,0.6724,84.71,1
31,82700.55,809.0,16,10086.03,44439.37,1,0.3532,84.65,0
53,50147.49,705.0,10,38130.83,46572.21,0,0.665,79.36,1
56,73886.99,746.0,21,15741.7,22703.27,0,0.2796,86.45,0
37,77440.13,699.0,8,12679.56,27111.61,0,0.554,71.58,0
57,105396.97,649.0,15,31153.71,3000.0,0,0.2648,90.18,1
65,60535.28,691.0,21,9331.68,17549.44,0,0.6785,79.53,0
61,73272.98,791.0,2,10863.27,23120.49,1,0.5624,76.2,0
58,32328.78,729.0,27,18122.96,36186.66,0,0.6451,72.46,1
52,91189.1,570.0,25,18003.24,19873.88,0,0.2228,79.1,1
34,48268.81,675.0,2,21115.34,26784.77,0,0.2861,100.0,0
59,52663.41,815.0,2,43100.03,15394.71,0,0.2541,81.24,0
38,64510.55,675.0,29,22034.98,37737.82,0,0.1362,68.27,1
47,30616.54,564.0,9,500.0,41811.43,0,0.1871,93.03,1
36,70032.94,823.0,30,21915.59,41437.85,0,0.4097,76.34,0
36,86284.26,738.0,17,18454.56,35197.78,0,0.2999,85.41,0
28,71444.54,685.0,11,18521.4,10342.83,0,0.3691,74.73,0
68,30044.25,664.0,9,20951.37,25080.74,0,0.2904,97.37,0
28,62276.2,766.0,23,17655.86,28483.09,0,0.3028,74.91,1
25,81324.64,652.0,3,17368.65,28547.27,0,0.4715,98.77,1
66,23684.25,770.0,14,25356.53,36199.7,0,0.2514,69.41,0
48,41355.15,728.0,12,11495.03,57808.66,0,0.3572,78.49,0
42,84283.96,707.0,5,6627.76,47993.54,0,0.1553,98.8,0
57,70942.1,700.0,12,54285.38,19199.72,0,0.2458,84.02,0
39,74063.37,678.0,18,9409.71,45854.45,1,0.5369,100.0,1
27,105908.89,763.0,23,19201.71,45244.84,0,0.732,78.77,0
56,75308.16,629.0,3,500.0,22102.92,0,0.5825,85.08,0
29,79473.54,576.0,30,19397.62,48581.85,2,0.6386,100.0,1
48,124636.4,733.0,30,6801.29,32433.97,0,0.0834,63.83,0
67,60296.3,734.0,24,12690.32,12440.74,0,0.3079,62.35,0
66,47446.58,724.0,32,30540.78,42283.24,0,0.1812,72.45,1
38,74411.52,719.0,14,23664.11,38471.39,0,0.3014,91.76,0
59,74657.8,668.0,28,24820.91,31357.16,0,0.06,62.68,0
51,53412.26,745.0,25,500.0,34400.75,2,0.2543,89.16,0
44,42287.27,687.0,19,40042.74,23494.63,1,0.3425,88.32,1
27,115816.58,656.0,6,3697.42,44762.09,0,0.4656,100.0,0
39,72190.56,668.0,19,36342.73,34304.79,1,0.5081,94.55,1
52,48889.72,831.0,31,30258.53,37663.18,0,0.2188,86.37,0
69,85150.47,569.0,34,24927.99,40714.27,0,0.7052,98.31,1
21,62598.81,725.0,15,7740.18,16526.63,0,0.7276,88.47,0
56,59436.61,572.0,8,19819.08,20691.47,0,0.8046,76.48,1
62,77370.0,682.0,26,12348.94,3000.0,0,0.753,68.26,0
67,36578.59,660.0,2,18348.47,44035.88,0,0.3784,75.17,1
41,72757.8,544.0,5,15001.53,15604.64,0,0.3678,81.52,1
26,107085.01,717.0,19,500.0,37121.12,0,0.1567,84.1,0
34,75255.91,663.0,34,31461.41,40935.81,1,0.5963,56.38,1
62,56723.33,543.0,11,17026.71,44637.65,0,0.4151,79.37,1
64,53843.68,749.0,15,12182.4,15735.73,1,0.8342,82.34,0
52,55972.52,790.0,11,11276.07,33957.41,0,0.2471,88.57,0
27,59412.82,794.0,15,22301.51,61724.49,1,0.43,100.0,0
26,56688.26,715.0,0,7274.92,62429.03,0,0.3273,84.23,1
44,85158.85,693.0,20,500.0,50797.17,1,0.4274,71.09,1
49,26869.4,783.0,20,22885.56,40399.89,0,0.7699,60.18,1
22,83964.0,808.0,11,24229.24,18918.3,0,0.2109,90.24,0
54,56646.9,769.0,9,15604.42,46497.95,2,0.3053,71.57,1
47,73292.85,624.0,26,4225.17,32471.66,1,0.4013,92.4,0
21,40206.27,704.0,6,19067.23,43968.45,2,0.4995,98.77,1
25,94229.88,721.0,1,500.0,24874.5,0,0.3051,63.47,0
43,92403.97,563.0,1,5673.23,32233.07,0,0.5079,88.65,1
56,86110.99,723.0,30,8991.62,37626.36,0,0.335,97.51,0
61,31675.39,849.0,12,28127.27,38940.45,0,0.6378,94.23,0
42,83240.66,735.0,3,13648.67,42899.56,2,0.1376,56.84,1
35,73906.81,793.0,30,12625.6,25732.88,1,0.053,71.76,0
68,29684.03,703.0,5,41456.31,13507.45,0,0.3118,66.64,1
43,64465.46,685.0,11,22229.55,60996.56,0,0.4352,88.28,0
36,73019.76,717.0,0,22067.93,74828.07,0,0.1713,86.96,0
42,77233.66,633.0,23,13563.59,42158.73,0,0.6169,49.63,1
21,68899.75,623.0,24,10843.54,13816.13,1,0.6366,78.39,1
35,71407.09,779.0,26,500.0,22628.88,0,0.1617,91.61,0
46,97419.45,786.0,9,29624.89,43145.88,0,0.4727,83.78,0
66,91972.75,621.0,11,23379.72,56457.85,0,0.2177,83.76,0
57,18000.0,758.0,32,15850.01,15593.75,2,0.5178,77.62,1
59,58016.35,684.0,28,16353.28,33010.67,0,0.1276,69.29,0
47,61377.68,714.0,1,26833.73,38134.91,0,0.2136,81.8,0
26,26453.83,722.0,24,500.0,48833.26,0,0.1954,82.63,0
40,67072.03,760.0,28,10921.42,29502.38,0,0.4082,89.38,0
69,92472.67,696.0,19,4364.37,9978.96,0,0.228,90.36,0
23,41095.51,789.0,22,39258.11,44939.16,0,0.5111,83.03,0
64,72400.82,712.0,0,28507.87,52996.74,0,0.5325,95.14,0
54,44851.88,734.0,1,500.0,33678.54,0,0.7708,77.5,0
34,50217.94,632.0,1,500.0,41483.84,0,0.3093,64.67,1
59,97502.66,841.0,5,16411.85,27408.14,0,0.5772,87.72,0
62,53063.73,723.0,34,12330.72,21467.64,0,0.6685,83.52,0
23,75168.67,740.0,22,2107.41,51422.81,0,0.1167,87.96,0
26,23833.2,577.0,27,41337.15,41199.93,0,0.3094,66.83,1
53,105970.99,632.0,10,21750.48,42845.9,0,0.6756,100.0,0
69,78258.35,777.0,32,23697.8,59033.84,2,0.5239,90.53,1
22,60985.0,710.0,6,9695.82,18122.52,1,0.3262,78.54,1
53,77662.02,556.0,31,26667.29,26167.58,0,0.1313,70.77,1
27,33983.97,763.0,1,13434.81,37526.93,0,0.3734,94.93,0
52,91015.68,652.0,0,14599.88,25970.99,0,0.1559,68.78,0
51,57872.33,789.0,2,25332.02,47530.18,0,0.6234,100.0,0
25,60510.47,684.0,27,500.0,32001.61,1,0.4833,74.64,1
54,54183.58,704.0,9,37164.33,19119.48,0,0.3682,100.0,0
64,52225.67,773.0,15,20188.67,36052.35,0,0.4601,79.79,0
63,80282.75,627.0,16,33371.33,37725.42,0,0.1813,100.0,0
22,70629.95,621.0,27,5094.96,49954.91,0,0.5362,73.18,1
33,79338.46,676.0,12,6922.02,41290.25,0,0.3122,82.23,0
32,64806.52,748.0,0,4057.2,42378.34,0,0.6258,91.66,0
43,76290.4,597.0,13,21003.57,40124.67,1,0.3971,89.94,1
28,55785.33,573.0,10,18791.8,31988.44,0,0.4517,95.21,1
62,114054.1,748.0,25,12427.06,23540.49,1,0.7647,76.15,1
59,30505.53,648.0,26,5831.17,39621.41,0,0.0726,83.02,1
60,92740.62,663.0,3,2800.84,29670.0,1,0.1203,96.98,1
30,95093.96,560.0,27,17418.19,62037.16,0,0.1868,73.54,1
21,46252.51,642.0,2,12412.96,56474.92,0,0.0998,88.87,0
65,114044.02,689.0,21,9772.72,45125.43,0,0.2749,79.37,0
35,86900.79,755.0,13,36565.07,41055.47,0,0.0615,84.47,0
53,86365.06,636.0,10,17012.09,33592.66,0,0.1746,83.01,0
65,65616.49,806.0,16,33240.52,14822.02,0,0.6263,72.54,0
22,60221.02,642.0,10,11600.97,31541.24,0,0.1848,78.87,0
21,60393.01,642.0,27,20937.32,36622.4,0,0.5489,83.74,1
21,73591.67,798.0,33,17334.29,38671.3,0,0.7822,80.77,0
28,95826.1,705.0,28,500.0,42512.58,0,0.3952,100.0,0
23,68988.91,651.0,15,35140.06,49741.28,1,0.1118,94.12,0
61,44948.24,679.0,17,16378.16,23925.53,0,0.5285,85.48,1
50,83137.4,785.0,15,26957.02,24070.79,0,0.1756,72.84,0
69,85265.32,793.0,27,8975.66,58213.71,0,0.3155,72.11,0
60,79402.51,633.0,19,16021.87,47335.71,0,0.7694,100.0,1
68,81400.98,687.0,16,7597.77,28747.66,1,0.1552,69.88,1
32,59039.58,696.0,14,32831.98,33284.62,0,0.4214,83.37,1
35,44562.24,621.0,13,21736.91,33356.58,0,0.3389,86.33,0
62,45899.74,686.0,19,22404.64,35505.19,1,0.3901,78.26,1
32,29019.81,690.0,24,34298.21,42562.93,0,0.2389,69.97,0
23,70212.87,770.0,15,31876.1,75559.88,0,0.6455,72.58,0
53,63164.13,775.0,28,27184.11,38036.1,1,0.4525,75.44,0
60,55320.27,667.0,28,939.27,45601.57,2,0.5411,73.49,1
68,18000.0,675.0,15,9651.85,8016.37,1,0.0993,97.93,0
66,37559.02,737.0,31,5953.34,27241.6,0,0.0236,81.89,0
26,89658.49,649.0,6,26730.4,54661.04,0,0.5716,75.71,1
58,50378.23,731.0,32,20047.82,41437.05,1,0.4372,83.28,1
62,72933.02,684.0,10,1313.85,3000.0,0,0.1075,90.02,0
55,34404.92,622.0,19,15735.07,45784.37,0,0.5773,77.86,0
61,96651.52,623.0,9,500.0,65690.63,0,0.6091,92.82,0
62,61831.39,791.0,15,17362.12,3065.48,1,0.2619,66.75,0
42,71380.89,679.0,11,500.0,59310.2,0,0.6257,96.06,0
22,116167.16,805.0,24,24345.93,3000.0,2,0.6667,81.89,0
43,98361.68,654.0,2,22535.55,50007.98,0,0.2898,81.42,1
30,58255.56,710.0,29,40895.38,34861.62,0,0.6598,73.68,1
26,51949.16,850.0,31,28174.48,3000.0,0,0.4085,67.27,0
27,57838.01,616.0,19,12925.03,42138.21,0,0.5942,62.0,1
55,76217.76,557.0,19,27816.84,53413.44,0,0.7488,72.85,1
45,62685.07,780.0,24,1228.03,40822.19,1,0.1725,89.05,0
47,56304.63,632.0,6,6450.33,44357.24,2,0.2241,70.46,1
57,97277.99,689.0,26,21997.71,28413.18,0,0.8052,63.42,1
47,62487.38,649.0,7,500.0,5217.76,1,0.3681,71.09,1
51,115590.96,709.0,23,17554.07,46069.82,0,0.4763,77.38,0
25,66996.34,623.0,10,5756.84,62996.06,0,0.4101,77.85,1
62,104277.0,677.0,26,19215.68,53073.29,0,0.1948,80.45,0
42,72861.03,721.0,27,5067.16,3193.99,1,0.5716,94.39,0
28,86185.13,619.0,7,23090.98,10761.69,0,0.4953,96.99,1
60,49058.56,641.0,21,18231.93,21464.52,0,0.4056,100.0,1
56,46217.3,666.0,17,34804.39,9512.39,0,0.1482,62.5,1
23,75113.53,590.0,10,18080.81,35707.04,2,0.1855,71.73,1
30,86748.17,660.0,20,8776.29,41294.65,0,0.3044,90.38,1
21,65885.64,698.0,34,15037.37,12115.95,0,0.7335,76.55,1
34,36699.35,662.0,0,1869.16,47434.06,0,0.7359,92.33,1
25,35074.32,671.0,33,22873.65,44617.66,0,0.3837,84.49,1
55,33603.0,689.0,29,25078.2,26229.45,0,0.1248,100.0,0
46,26112.31,644.0,18,47630.35,32239.65,1,0.3971,94.51,1
69,67408.68,738.0,21,10537.97,3803.18,0,0.3826,94.73,0
57,89750.97,791.0,12,14786.47,29683.81,1,0.5663,77.06,0
50,64704.85,657.0,4,11090.9,35118.16,0,0.6148,80.83,1
45,18000.0,724.0,20,20545.36,37699.96,1,0.2289,78.34,0
23,60803.27,673.0,28,22580.29,41062.03,0,0.1453,63.93,1
24,61418.42,716.0,8,17359.5,38907.87,0,0.6046,99.66,1
51,111111.97,800.0,25,31035.91,30770.5,1,0.5175,90.94,0
21,32942.97,726.0,26,10596.25,39579.12,0,0.5387,77.86,0
23,56405.09,566.0,26,29834.09,51032.51,0,0.0833,97.66,0
31,102528.76,722.0,11,24461.97,33472.03,0,0.3077,74.44,0
64,74899.52,776.0,13,17855.64,40081.52,1,0.2033,59.94,0
43,77392.89,674.0,14,14220.76,32021.26,0,0.2626,94.09,0
55,67520.86,760.0,29,47120.01,24651.86,0,0.2122,66.66,0
41,72258.76,642.0,31,8195.9,43366.07,0,0.4702,79.65,1
29,82107.41,586.0,14,21575.2,26116.38,0,0.0747,84.47,1
39,47191.3,700.0,33,8997.37,41178.35,0,0.542,86.63,0
25,84317.29,567.0,19,39427.45,35452.09,0,0.3108,92.18,1
58,34793.93,673.0,13,28641.92,30137.05,0,0.285,88.97,0
29,72224.1,780.0,0,9859.8,29749.71,2,0.7222,88.6,1
39,68932.3,556.0,21,24151.14,26870.06,0,0.2532,72.51,1
69,51441.55,600.0,22,21092.35,8667.18,0,0.3115,85.53,1
50,64500.92,618.0,33,11800.5,41126.32,0,0.2923,63.93,1
43,51304.12,686.0,25,27097.97,38704.75,0,0.87,100.0,1
47,41422.57,664.0,1,22671.66,48594.72,1,0.2567,65.17,0
59,57220.48,788.0,19,20588.38,26496.69,0,0.4663,77.84,0
33,40712.25,757.0,25,17496.96,65326.14,1,0.2156,66.17,1
52,72101.54,725.0,17,23172.65,28924.22,0,0.224,73.24,0
63,39698.12,700.0,15,20752.65,20998.25,0,0.1114,82.16,1
49,80663.49,718.0,28,18709.12,19101.04,0,0.2225,75.65,0
42,39007.46,630.0,21,10307.81,7257.24,1,0.1035,95.73,0
28,52541.51,750.0,23,38325.19,59522.05,0,0.2853,84.72,0
33,51258.73,612.0,16,5394.96,56937.08,0,0.07,76.45,1
67,94153.23,748.0,9,23131.63,44611.92,1,0.4222,80.4,1
47,72266.38,773.0,18,14157.11,20662.58,0,0.6948,96.64,0
35,60341.86,705.0,33,39114.57,63980.28,0,0.431,92.91,0
41,75971.83,678.0,21,7158.21,29372.49,1,0.1267,68.33,0
49,18641.77,718.0,24,9176.84,30695.59,0,0.3504,73.83,0
47,64051.06,490.0,4,6362.18,57996.15,1,0.1509,87.7,1
55,108945.31,711.0,34,21881.58,45542.57,0,0.1612,86.24,0
33,67911.62,682.0,8,1523.39,70217.65,0,0.5351,69.4,1
52,66494.09,686.0,33,12257.66,38979.56,0,0.2197,90.99,0
42,77058.82,739.0,15,500.0,28647.51,0,0.3089,71.31,0
67,84703.32,685.0,32,20885.06,25211.12,0,0.7748,97.65,0
28,21055.73,610.0,31,11997.42,5448.06,0,0.0736,88.35,1
28,27988.82,680.0,26,500.0,30542.47,0,0.6465,68.42,0
43,69626.41,695.0,32,31027.31,53313.49,0,0.5245,75.65,1
45,49272.72,698.0,21,2308.0,44581.35,1,0.6767,75.44,0
54,93864.56,701.0,29,27563.32,35324.93,0,0.4017,83.92,1
40,58066.16,763.0,6,9587.51,19081.05,0,0.7738,79.55,0
65,22440.32,614.0,2,37218.86,38629.97,1,0.1975,68.25,1
44,37103.69,702.0,19,26994.61,51205.02,0,0.5826,65.27,1
27,18000.0,780.0,28,5903.43,41891.51,0,0.4119,88.59,1
26,59849.24,569.0,26,6995.01,37667.76,0,0.0234,85.43,1
68,60855.55,703.0,18,25266.3,22248.68,1,0.2097,83.27,1
27,55661.82,649.0,18,14851.46,48874.91,1,0.4709,85.25,1
67,88735.34,664.0,21,15967.89,3000.0,0,0.6691,74.57,1
34,91367.44,627.0,30,33266.87,41125.53,0,0.8691,84.21,1
25,61251.45,678.0,29,9015.73,76125.15,2,0.5789,100.0,1
35,18036.74,819.0,3,19095.53,10866.03,0,0.42,96.09,0
51,78580.19,601.0,20,29455.53,31138.09,1,0.1332,78.54,1
41,77217.93,608.0,13,27709.41,34873.42,1,0.0724,75.72,1
59,71806.61,599.0,27,16084.65,27598.67,0,0.4646,47.67,1
50,86592.55,811.0,17,14533.13,51581.99,0,0.3835,94.82,0
40,39373.78,658.0,34,500.0,42559.22,1,0.3809,91.44,1
52,109192.62,688.0,15,5325.06,37436.81,0,0.5473,75.47,1
68,43892.59,662.0,23,21820.31,47756.36,0,0.603,64.82,1
41,81482.9,624.0,3,16345.41,35268.01,0,0.0673,68.14,0
28,27878.35,674.0,32,18899.12,85877.83,1,0.4651,87.33,1
41,44534.18,850.0,5,30471.04,37421.55,0,0.6037,80.93,0
62,98360.11,787.0,13,3752.12,38124.51,1,0.1504,90.3,0
31,59260.2,630.0,29,15165.84,7632.51,0,0.0398,83.04,1
67,83478.3,735.0,33,20264.53,26304.79,0,0.5706,93.6,0
49,70213.02,632.0,16,9550.08,53358.04,0,0.645,86.43,0
50,62690.92,566.0,16,35177.73,13632.69,0,0.3238,91.95,1
36,95004.71,761.0,1,28903.04,3000.0,0,0.2681,56.92,0
66,59793.51,771.0,34,21481.6,35517.05,0,0.5068,67.19,1
22,25823.76,763.0,0,39530.78,56931.91,1,0.3052,77.63,1
35,47328.72,657.0,0,500.0,35678.1,1,0.3771,94.95,0
41,77126.22,678.0,16,17907.28,29622.01,0,0.076,100.0,1
44,73701.2,742.0,0,22396.04,5264.19,2,0.1712,80.03,1
44,30524.72,717.0,5,7025.34,42236.07,0,0.5496,74.66,0
28,49064.46,662.0,21,21608.57,45580.4,0,0.3563,58.54,0
32,52202.13,577.0,24,4721.01,6492.28,0,0.6074,92.36,0
25,56959.67,698.0,10,26286.69,53152.52,0,0.3208,75.4,1
49,34729.9,766.0,27,30694.02,47251.13,0,0.1324,100.0,0
38,51175.84,606.0,21,21268.0,53117.06,1,0.3352,73.13,1
48,48970.57,735.0,7,500.0,44336.4,0,0.4737,100.0,0
49,81973.73,713.0,24,6398.48,45458.92,0,0.4279,90.98,0
55,82800.67,743.0,20,24776.52,43331.53,1,0.8442,69.66,1
47,61792.17,751.0,28,18254.38,48895.56,0,0.8029,84.79,1
52,56375.12,641.0,5,500.0,5899.88,0,0.6968,91.26,1
49,68078.33,577.0,8,32913.96,10983.05,0,0.7114,79.3,1
52,47035.35,653.0,10,19639.88,23223.87,1,0.7336,92.06,1
51,39769.69,752.0,11,8171.1,32922.88,1,0.678,91.79,0
36,44315.13,652.0,31,29939.47,41210.19,0,0.2697,89.16,1
33,51034.11,641.0,25,9869.52,40194.91,0,0.2983,81.8,0
59,39403.58,563.0,19,9738.57,52873.69,0,0.4622,67.9,1
37,68565.31,813.0,18,22300.23,53375.92,0,0.5067,81.08,0
47,81053.74,748.0,31,39372.46,21041.84,0,0.6731,84.11,0
30,30083.84,744.0,15,37483.05,38817.22,1,0.4538,59.49,1
42,65552.83,758.0,7,22316.54,21434.7,1,0.3332,84.03,1
46,60161.41,730.0,4,23548.63,31988.05,0,0.2232,80.84,0
51,72513.19,673.0,11,27497.99,40148.66,2,0.44,66.44,1
46,64715.35,679.0,22,2916.2,3000.0,1,0.2593,78.0,0
38,33020.82,660.0,16,25729.78,73579.9,0,0.2669,78.26,1
68,37227.44,850.0,14,9191.12,44062.54,0,0.3305,100.0,0
46,65647.32,729.0,16,21821.74,25468.75,0,0.2088,84.64,0
60,87633.18,658.0,34,15270.39,65837.92,0,0.3074,94.43,0
57,18000.0,723.0,34,24014.5,29441.1,0,0.4164,80.59,0
48,72605.98,619.0,5,19417.24,37120.31,2,0.2769,59.51,1
64,91171.68,795.0,4,500.0,27206.15,1,0.7486,90.07,1
27,61633.43,644.0,8,20146.7,61431.87,0,0.5673,74.1,1
66,77104.45,725.0,29,25705.84,33320.24,0,0.5082,77.97,1
62,49532.48,765.0,16,23351.14,37391.75,0,0.4285,69.36,0
45,62373.94,717.0,30,16768.97,54260.51,0,0.1497,82.87,0
56,29339.9,697.0,22,37705.94,44362.23,0,0.458,94.78,1
46,18000.0,691.0,19,21736.48,34130.43,0,0.6558,93.19,1
34,85740.85,686.0,9,23252.08,52766.26,0,0.2105,100.0,1
60,43330.11,650.0,12,30533.9,75615.73,0,0.1538,100.0,1
33,54978.39,659.0,5,22351.12,40078.57,0,0.3296,57.45,0
36,34498.27,794.0,18,7223.79,36868.16,0,0.2137,67.68,0
46,33980.67,682.0,9,500.0,37730.03,1,0.5129,60.3,1
62,61175.57,635.0,10,12274.55,55966.87,1,0.3504,89.58,1
39,48949.3,654.0,1,27131.35,25412.84,0,0.585,73.68,1
45,73315.36,767.0,27,13762.84,30546.92,0,0.0551,76.13,0
23,74955.85,737.0,32,27614.14,10400.91,0,0.7088,79.4,0
26,72058.69,729.0,17,19784.74,16058.11,0,0.4032,86.59,0
23,70249.22,672.0,18,33456.79,26715.2,0,0.4038,64.18,1
24,99710.9,730.0,32,14457.4,34105.01,2,0.5303,66.89,1
63,41512.94,645.0,17,23611.38,63305.33,0,0.1604,82.02,0
62,63791.43,672.0,21,24070.62,43575.88,0,0.522,96.38,1
61,89919.18,758.0,14,36019.22,20406.74,1,0.3879,81.7,1
23,92819.88,751.0,18,500.0,23352.31,0,0.4718,72.5,0
24,33721.2,621.0,18,12499.1,56995.98,1,0.2492,56.22,1
34,58128.18,630.0,24,28182.19,53025.77,0,0.2502,93.43,0
48,94878.66,698.0,21,36550.76,35450.4,0,0.1242,73.17,0
37,76177.74,811.0,17,20880.86,27919.58,0,0.3305,68.23,0
44,69295.79,556.0,2,14487.55,52998.93,0,0.0968,61.42,1
29,60210.94,709.0,31,27085.42,19106.77,0,0.6272,64.73,1
56,56556.38,594.0,31,28424.43,41272.49,0,0.2339,70.47,1
36,71340.82,646.0,6,13684.06,71362.54,1,0.6018,79.13,1
24,59447.77,664.0,10,21963.69,38285.69,1,0.4277,67.5,1
57,64063.27,661.0,34,32166.33,22590.25,1,0.6283,84.23,1
65,66729.17,653.0,11,40685.51,41565.9,1,0.1191,79.04,0
21,50082.43,691.0,28,26911.26,27479.86,0,0.3803,100.0,0
42,76706.85,653.0,27,18529.67,12694.15,0,0.2587,61.55,0
61,129113.38,588.0,30,17351.1,46216.58,0,0.3731,83.94,0
55,25906.29,745.0,0,24688.76,52885.35,3,0.3152,84.09,1
62,72128.28,743.0,16,16611.93,30025.49,1,0.3947,69.63,0
41,48275.82,749.0,19,20275.69,28964.23,0,0.2716,83.14,0
39,77702.86,582.0,29,5305.48,19614.95,0,0.4168,91.24,1
55,66024.26,711.0,7,33564.69,32601.03,0,0.7854,83.16,1
28,81760.81,737.0,10,4317.78,26002.11,0,0.4494,98.61,0
32,90861.14,618.0,6,12814.66,18823.48,0,0.5621,55.87,1
50,69233.26,691.0,26,19171.12,65274.7,1,0.201,71.89,1
53,89905.15,682.0,34,41891.84,42463.89,0,0.6038,99.7,1
26,18000.0,819.0,4,12927.8,44158.32,0,0.5114,92.94,0
45,99989.95,825.0,8,10007.81,49134.39,2,0.6517,88.49,0
38,73251.37,573.0,10,11390.2,47336.58,0,0.5013,96.8,1
45,88712.55,850.0,31,37906.77,28390.24,0,0.226,59.0,0
67,38162.73,626.0,15,500.0,39360.84,0,0.381,91.55,1
24,46723.06,759.0,9,5967.14,30695.51,0,0.5501,94.77,0
69,68210.64,758.0,11,50775.46,42015.42,0,0.4916,74.1,0
43,64625.17,620.0,20,25090.58,40467.05,0,0.7425,100.0,1
58,71227.51,725.0,13,4728.18,28877.44,1,0.1991,84.36,0
41,88859.33,682.0,4,17496.98,13731.22,1,0.2594,55.69,1
36,26165.15,729.0,28,18809.45,37339.79,0,0.1194,86.58,0
58,86424.02,706.0,14,28153.5,31731.69,0,0.4184,73.36,1
54,65182.2,774.0,8,40074.02,4754.04,0,0.122,95.98,0
28,60516.8,695.0,25,22662.62,43122.59,0,0.2672,88.58,0
55,32635.46,678.0,26,11522.54,50445.47,0,0.4956,74.82,0
57,76067.07,767.0,5,27445.01,75453.7,0,0.2403,100.0,0
40,18000.0,731.0,2,9620.97,28740.84,0,0.1158,93.27,0
66,79264.67,741.0,1,5599.95,26380.61,0,0.2871,72.06,1
52,32173.67,643.0,26,500.0,17249.26,1,0.5532,80.18,1
37,66176.07,617.0,21,500.0,38338.27,0,0.2361,88.2,1
21,62378.29,650.0,27,7242.66,38237.09,0,0.3471,77.63,0
54,90729.84,647.0,21,3866.52,22019.26,0,0.2518,77.99,0
31,61069.59,745.0,14,21758.84,32201.12,0,0.6833,82.44,0
58,49728.95,758.0,20,3607.18,3341.35,0,0.4733,69.21,0
46,53854.74,679.0,25,500.0,49822.03,0,0.779,55.21,1
43,93003.42,790.0,13,5473.06,22669.13,0,0.585,84.87,0
29,76798.53,786.0,32,12337.68,34445.5,1,0.227,58.13,0
55,56516.14,707.0,31,10734.61,12172.91,1,0.2524,70.08,0
29,59798.18,632.0,28,36234.3,25682.34,0,0.8796,60.74,1
41,30522.1,800.0,34,10637.49,30526.54,1,0.4101,62.22,1
61,73546.43,686.0,13,28571.08,34819.35,0,0.4903,87.12,1
66,26284.05,699.0,3,17772.21,42675.72,1,0.6737,79.33,1
69,81539.52,666.0,16,17492.34,58025.2,0,0.7382,78.9,1
67,67829.68,628.0,26,7975.44,46723.38,0,0.3055,66.21,0
48,117512.94,587.0,27,17294.61,50394.63,0,0.3433,74.13,1
30,40797.02,734.0,13,8818.85,58137.67,0,0.554,86.52,1
62,62741.43,635.0,10,20040.29,44115.33,0,0.1139,81.37,1
60,104562.33,850.0,15,15165.0,34412.68,1,0.3736,91.87,0
69,91210.57,614.0,28,6664.46,51145.79,0,0.3891,93.58,0
52,49683.33,602.0,2,29902.73,52168.15,0,0.541,78.97,1
27,69927.28,726.0,11,23122.09,45377.05,0,0.3828,59.77,0
45,65043.99,797.0,8,12623.25,11725.96,1,0.5624,72.92,0
42,71203.03,695.0,28,19745.92,21536.64,0,0.4799,80.83,1
62,49629.03,730.0,16,16994.13,30602.33,2,0.7173,72.68,1
40,63034.95,561.0,3,7588.91,47473.94,0,0.2046,69.34,0
37,29842.85,643.0,9,18845.95,34658.46,0,0.3068,82.84,1
24,67972.72,615.0,1,10547.86,53189.9,0,0.4466,100.0,0
61,74900.45,557.0,16,6660.79,56043.79,0,0.655,76.14,1
58,59996.77,698.0,34,500.0,54186.73,1,0.0686,81.97,0
23,29468.88,533.0,19,13696.71,54288.65,0,0.4624,66.26,1
42,86747.7,597.0,30,24803.65,18408.1,2,0.3837,96.92,1
44,73019.55,652.0,25,9664.09,42722.17,1,0.4029,92.5,1
43,49027.67,632.0,30,48248.5,25279.54,0,0.2543,91.67,1
66,58826.79,718.0,10,28628.23,8614.94,0,0.4674,98.32,1
28,31985.27,711.0,33,33651.96,30400.46,2,0.3027,76.87,1
36,42440.98,753.0,8,27542.92,56195.79,0,0.3042,78.37,1
29,53168.15,743.0,15,40234.38,42371.87,0,0.2437,100.0,0
32,92025.26,770.0,23,8555.98,67284.95,0,0.4191,89.59,0
65,50930.93,690.0,10,500.0,37835.68,1,0.4023,55.37,1
67,79084.7,711.0,9,12646.49,74164.84,1,0.1652,87.46,0
23,53157.04,726.0,4,24698.62,37840.34,0,0.177,75.02,0
51,70454.85,700.0,0,19818.2,35359.68,0,0.202,92.78,0
32,61889.3,662.0,17,21305.67,14529.76,1,0.382,86.9,1
30,84207.25,667.0,34,33850.92,52769.0,0,0.4762,61.11,1
35,53234.15,633.0,7,22584.69,26966.0,0,0.7103,85.23,1
30,30404.38,720.0,15,27586.96,24647.24,2,0.7588,84.53,1
45,34597.12,683.0,32,6725.25,55499.69,0,0.3003,86.36,0
69,53298.7,644.0,27,4855.28,53531.56,1,0.2295,88.91,1
49,37520.68,644.0,0,37369.37,53112.82,0,0.6087,99.95,1
56,74024.66,605.0,17,19210.82,29204.94,0,0.5453,86.97,1
45,54753.1,759.0,5,10521.25,34184.39,0,0.5705,82.27,0
21,117241.34,696.0,8,10543.27,34042.33,2,0.6961,95.78,1
25,26770.28,630.0,8,10210.52,47520.29,0,0.294,100.0,0
34,69479.93,747.0,21,9492.49,59857.03,2,0.3253,92.98,1
32,40185.03,651.0,6,2602.23,40890.34,0,0.7138,84.47,1
62,54145.17,592.0,8,500.0,66598.26,0,0.2134,87.19,0
62,68111.23,761.0,7,15659.95,49355.11,1,0.463,85.07,1
62,18000.0,652.0,12,10884.89,31243.21,1,0.826,82.22,1
52,70210.17,661.0,22,31285.91,48259.38,0,0.4407,100.0,1
48,106863.96,693.0,13,21516.92,62295.04,0,0.4867,73.01,0
52,55024.36,770.0,11,21183.81,66972.62,1,0.3762,95.86,0
40,70715.77,691.0,18,9082.56,53990.26,0,0.4838,80.49,0
53,87548.28,606.0,21,16547.66,35410.79,1,0.4737,64.23,1
59,61393.02,728.0,0,22332.01,31532.91,0,0.2409,79.74,0
58,52218.88,656.0,31,26594.35,44217.11,1,0.4503,75.44,1
51,18000.0,822.0,32,16873.3,61783.59,0,0.4194,88.93,0
23,79101.8,690.0,21,30949.49,41940.31,0,0.2127,83.1,0
56,62510.29,534.0,20,18095.87,42272.51,0,0.6751,69.74,1
38,42720.96,715.0,24,27514.17,35822.37,2,0.9337,99.65,1
57,67785.13,826.0,15,12121.77,29753.74,1,0.4617,95.08,0
47,52159.03,800.0,12,500.0,32405.85,0,0.746,100.0,0
64,53374.63,818.0,12,21220.31,37166.82,1,0.2135,84.84,0
37,78338.41,619.0,5,26703.89,62489.6,0,0.6306,81.57,1
66,35555.59,754.0,29,24904.17,31164.58,0,0.4992,90.44,0
62,88040.94,639.0,11,23066.24,35841.79,0,0.6144,75.07,0
37,34250.9,706.0,9,13816.96,21153.96,1,0.2763,83.56,1
44,50420.57,601.0,33,8319.04,46466.1,0,0.3641,79.89,1
47,107304.82,645.0,17,24620.74,56866.87,0,0.1962,64.47,1
58,89801.8,643.0,21,23117.37,60991.97,1,0.2572,83.53,0
54,67147.29,753.0,8,11269.21,38253.83,1,0.3177,76.71,0
62,44308.34,746.0,9,31313.09,44189.67,0,0.4298,79.09,0
39,53356.01,709.0,25,7405.61,32543.19,0,0.4894,86.37,1
45,66612.06,595.0,15,10997.72,43448.3,0,0.4214,97.27,1
42,65825.51,668.0,5,37637.1,40023.44,0,0.4093,71.81,0
65,63000.84,638.0,29,28422.98,35932.23,0,0.2079,77.96,1
35,64321.68,751.0,14,13703.89,37204.06,1,0.0795,72.82,0
49,60283.75,772.0,23,21448.57,42230.76,0,0.3969,72.04,0
26,33276.47,764.0,11,19857.51,30293.56,0,0.0747,74.87,0
62,53636.76,637.0,19,500.0,31120.05,0,0.3455,79.64,0
39,85121.73,498.0,27,7122.31,62317.79,1,0.719,89.03,1
37,34896.65,566.0,30,17389.84,78368.75,1,0.5198,85.85,1
49,60829.78,790.0,7,13720.66,15730.13,0,0.4105,69.32,0
45,46965.41,662.0,23,20965.23,14848.46,0,0.4668,97.53,1
62,67449.71,637.0,32,31553.79,19685.55,1,0.2192,93.33,1
47,56450.07,805.0,22,14141.57,33347.39,1,0.6649,71.19,0
46,97502.66,779.0,5,5308.14,49332.49,0,0.79,96.69,0
26,76144.83,692.0,6,21898.22,44460.05,1,0.2833,85.92,1
22,36140.33,669.0,7,14080.52,37752.5,0,0.4226,80.12,1
40,79767.02,681.0,3,16127.24,43462.97,0,0.3731,86.3,0
69,47957.66,706.0,26,14498.72,23926.62,1,0.4394,81.69,1
65,52306.08,802.0,33,44902.05,31094.04,1,0.147,88.54,0
51,71904.02,720.0,18,500.0,34678.49,0,0.0581,84.25,0
51,54181.56,741.0,20,13339.99,9652.54,0,0.5371,77.95,1
40,84642.83,772.0,27,17955.73,16419.04,0,0.2833,57.69,0
29,47960.78,608.0,14,8626.29,17054.94,4,0.3317,88.33,1
21,51383.18,743.0,16,28797.91,47225.73,0,0.1362,77.52,0
37,50559.84,669.0,20,27759.09,38925.68,1,0.6872,91.34,1
36,52555.95,514.0,10,17426.94,44776.98,1,0.4588,87.78,1
30,89182.21,541.0,2,14751.91,5565.52,0,0.7158,77.83,1
33,78833.52,619.0,19,16656.52,11262.93,0,0.3039,94.28,1
22,102618.77,727.0,28,16742.56,45611.45,0,0.3264,84.46,0
50,114888.17,698.0,2,17059.52,3000.0,0,0.1503,83.96,0
66,42324.23,703.0,7,15744.01,54594.07,0,0.6853,80.34,0
54,66549.22,827.0,9,21029.39,5826.93,0,0.2169,100.0,0
42,39123.59,601.0,28,27038.54,48493.52,0,0.3507,73.44,1
41,47892.67,688.0,17,3236.88,20782.65,0,0.3416,78.13,0
36,51138.18,711.0,18,5392.03,51782.46,0,0.3366,67.15,0
27,41742.59,638.0,22,500.0,86330.57,0,0.2378,90.72,0
50,41858.48,692.0,9,28396.77,3000.0,1,0.4499,75.01,1
48,61825.74,578.0,24,21003.88,46126.03,0,0.6036,76.36,1
21,38232.19,789.0,1,24063.21,6069.4,0,0.6377,75.8,0
41,83526.79,642.0,3,846.02,41828.3,0,0.6171,82.75,0
34,44809.42,832.0,28,39419.38,31691.65,0,0.0202,66.99,0
29,126810.52,688.0,23,10693.79,37076.52,0,0.545,55.08,0
55,55069.54,762.0,6,20018.47,20413.02,0,0.0763,87.49,0
46,66584.39,686.0,15,28252.62,47488.66,0,0.23,56.64,0
52,36502.49,688.0,1,6156.24,11826.27,0,0.4363,92.25,1
55,102534.02,649.0,23,11444.11,54866.2,0,0.4234,100.0,0
69,89629.01,698.0,26,20150.06,28452.0,0,0.5866,80.03,1
60,71532.15,712.0,9,52289.68,12556.95,0,0.443,97.59,1
51,35370.34,635.0,12,21613.5,60518.99,0,0.4125,81.71,1
