amount,hour,distance_km,frequency_24h,new_device,international,merchant_risk,fraud
85.13,22,17.97,3,0,1,0.884,1
131.39,17,16.69,4,0,0,0.302,0
37.13,0,28.39,2,1,1,0.781,1
26.88,17,1.6,3,1,0,0.275,0
9.1,3,1.62,0,1,0,0.239,0
176.2,6,15.45,1,1,1,0.272,0
67.81,18,56.56,4,1,0,0.057,0
81.92,13,12.41,1,1,1,0.632,0
30.46,4,7.9,2,0,1,0.637,1
227.35,7,2.18,2,0,1,0.637,0
171.26,18,6.44,3,1,1,0.702,0
59.04,14,6.2,1,1,1,0.589,0
38.25,17,0.2,4,0,1,0.856,0
46.68,16,8.59,6,1,1,0.741,1
30.01,3,14.05,3,0,1,0.85,0
68.48,13,24.92,3,0,0,0.081,0
36.01,16,46.51,8,1,0,0.238,1
119.77,5,11.26,2,1,1,0.588,0
46.55,17,0.37,4,0,0,0.875,0
46.81,5,7.8,0,1,0,0.919,0
310.21,7,9.56,2,0,1,0.886,0
32.27,7,12.32,4,1,0,0.227,0
13.9,16,4.02,3,1,0,0.177,0
96.18,6,19.22,2,1,1,0.622,0
8.35,1,15.64,5,0,0,0.647,0
86.87,10,2.58,0,0,1,0.977,0
177.99,5,32.87,3,1,0,0.298,0
71.53,14,23.45,3,0,0,0.244,0
67.31,14,13.04,3,1,1,0.602,0
8.58,20,7.26,1,1,1,0.917,0
116.2,15,37.14,4,0,1,0.557,1
99.12,13,49.04,6,0,0,0.488,0
20.66,14,32.51,2,1,0,0.593,0
451.77,1,21.56,3,1,0,0.488,0
19.61,1,11.76,2,0,0,0.114,0
12.44,20,8.72,3,1,0,0.114,0
10.9,21,0.74,5,1,1,0.261,0
68.44,8,4.97,2,1,0,0.921,0
93.49,23,31.78,2,1,1,0.813,0
103.65,22,6.97,4,0,0,0.125,0
47.59,20,3.55,5,1,0,0.158,0
29.59,14,22.84,5,1,0,0.259,0
154.9,22,2.2,4,1,1,0.88,0
27.18,1,15.72,4,0,1,0.849,1
19.89,8,1.77,4,0,0,0.534,0
270.78,1,8.25,2,1,1,0.572,1
79.64,0,0.19,4,1,1,0.234,1
106.84,15,1.23,3,0,1,0.996,0
124.69,6,28.0,4,0,0,0.98,0
37.65,4,4.94,5,1,1,0.552,1
39.14,10,11.94,1,0,0,0.744,0
126.54,20,62.56,3,1,1,0.459,1
35.98,15,17.47,2,1,0,0.116,0
93.32,13,11.58,2,1,0,0.376,0
60.98,6,10.0,4,0,0,0.766,0
20.2,5,28.64,1,0,0,0.254,0
175.28,0,16.35,2,1,1,0.264,0
18.37,12,20.44,3,1,1,0.739,0
84.18,16,29.64,0,0,0,0.238,0
71.31,9,27.29,2,1,1,0.407,1
236.66,20,9.06,6,0,1,0.807,0
21.77,7,15.55,1,0,0,0.477,0
38.74,20,6.86,2,0,1,0.331,0
60.32,22,53.68,3,1,1,0.375,1
79.91,16,18.45,1,1,1,0.87,1
158.93,5,1.54,3,0,1,0.946,0
91.02,23,44.46,3,0,1,0.982,0
68.36,7,2.32,9,0,1,0.922,1
186.48,23,21.74,3,1,0,0.862,0
542.43,4,0.68,6,1,1,0.719,1
17.19,16,3.33,3,1,0,0.04,0
66.3,23,0.7,2,1,1,0.843,0
142.54,9,2.59,2,1,0,0.988,0
72.66,10,7.48,6,1,0,0.348,0
279.96,18,4.31,3,0,0,0.953,0
47.74,11,48.45,2,1,1,0.888,1
24.19,12,1.1,2,1,1,0.374,0
159.26,16,30.38,2,0,1,0.768,0
4.17,21,9.29,4,0,1,0.636,0
41.44,22,2.5,1,0,1,0.459,0
710.58,7,0.44,1,0,1,0.421,0
68.46,12,4.92,2,0,0,0.889,0
95.37,5,6.33,3,0,0,0.32,0
25.75,15,3.65,1,0,1,0.759,0
65.16,0,10.49,3,1,0,0.572,0
57.85,23,2.76,3,1,1,0.404,0
427.66,5,12.73,3,1,1,0.167,0
24.29,17,3.82,3,1,1,0.463,0
4.21,3,36.66,0,0,1,0.882,0
100.15,23,22.6,5,1,1,0.074,0
314.2,16,12.64,0,0,1,0.843,0
33.49,4,24.26,5,1,1,0.077,1
10.77,20,10.96,3,1,0,0.993,1
22.81,11,20.37,4,0,0,0.981,0
102.88,6,2.12,5,1,0,0.619,0
38.01,0,18.3,1,0,1,0.903,0
69.57,19,2.95,0,0,0,0.712,0
6.31,19,2.85,4,0,0,0.887,0
39.63,15,20.96,3,1,1,0.229,0
146.68,12,15.79,3,0,1,0.751,0
51.18,23,0.16,2,0,1,0.288,0
23.95,0,1.31,2,0,0,0.196,0
190.93,18,11.82,1,0,0,0.585,0
178.93,22,38.54,2,0,1,0.833,0
41.87,15,13.48,4,1,0,0.14,0
31.76,10,2.44,4,0,0,0.49,0
239.38,12,4.63,6,0,1,0.192,0
38.48,15,19.33,3,1,0,0.737,0
56.64,23,16.72,4,0,1,0.923,0
403.82,23,2.25,4,0,1,0.915,0
80.39,15,9.23,3,1,0,0.039,0
40.63,13,1.3,5,1,1,0.665,0
9.24,20,32.34,5,1,1,0.713,1
69.09,21,27.82,2,0,1,0.468,0
61.15,14,66.38,1,1,1,0.044,0
35.74,22,17.46,2,1,1,0.818,0
168.27,20,18.11,3,0,0,0.922,0
18.33,10,0.28,4,1,0,0.518,0
13.7,14,10.47,4,0,0,0.242,0
30.32,13,49.23,2,0,0,0.349,0
63.15,15,0.27,3,0,1,0.555,0
14.44,7,0.31,4,0,0,0.712,0
19.91,3,5.01,5,0,1,0.605,1
27.71,3,25.36,1,1,1,0.734,1
60.87,16,39.93,6,0,1,0.862,1
30.87,18,56.78,5,1,0,0.662,1
165.08,17,4.41,3,0,0,0.921,0
6.76,21,56.89,0,1,1,0.262,0
91.89,4,3.15,3,1,0,0.955,0
33.69,20,4.96,1,0,0,0.94,0
96.85,4,0.83,6,0,0,0.805,0
438.53,23,8.25,1,1,1,0.52,0
56.64,11,3.18,2,1,0,0.566,0
73.93,15,1.43,2,0,1,0.597,0
140.05,21,22.06,4,0,1,0.479,0
16.11,15,14.2,5,1,0,0.392,0
117.73,0,19.03,5,0,1,0.087,0
137.33,19,1.85,0,1,0,0.601,0
53.06,2,15.78,2,1,1,0.429,1
116.89,12,3.36,2,0,1,0.066,0
69.19,13,18.18,6,1,0,0.996,1
28.37,0,31.39,4,1,0,0.128,0
16.35,12,5.54,0,0,0,0.243,0
162.38,21,1.24,2,0,1,0.806,0
361.27,18,1.53,1,1,0,0.414,0
27.75,14,27.57,2,1,1,0.753,0
88.09,7,51.25,6,1,1,0.799,1
18.12,12,0.85,3,0,1,0.367,0
38.13,1,3.53,2,1,0,0.511,0
37.21,15,22.86,3,1,1,0.34,0
19.56,12,53.2,5,1,0,0.131,0
56.77,2,5.91,4,0,0,0.522,0
165.03,21,8.64,3,0,1,0.523,0
107.29,7,15.61,3,0,1,0.057,0
36.58,23,50.42,2,0,1,0.417,0
254.61,4,31.61,3,0,0,0.202,0
76.49,16,17.89,7,1,1,0.949,1
372.98,10,0.56,3,1,0,0.071,0
16.68,3,0.48,6,1,0,0.281,0
1260.85,17,27.65,2,1,1,0.606,0
51.75,20,7.11,1,1,1,0.202,0
18.94,0,11.4,6,1,0,0.864,1
21.28,19,5.73,2,0,0,0.622,0
157.24,15,7.35,0,0,1,0.761,0
153.03,6,14.61,5,0,1,0.996,0
139.55,2,20.4,1,1,0,0.627,0
113.88,0,6.84,4,1,1,0.28,1
20.08,22,6.55,3,0,1,0.092,0
53.71,4,5.51,5,0,0,0.206,0
6.14,7,12.23,0,1,1,0.25,0
25.9,2,15.46,0,0,1,0.017,0
121.52,13,11.24,4,1,0,0.965,0
9.51,2,9.99,3,0,0,0.619,0
670.62,3,15.18,2,1,0,0.943,1
221.73,7,4.92,6,1,1,0.965,1
19.9,6,7.26,7,1,1,0.117,0
129.41,8,13.6,2,1,1,0.489,1
109.45,12,6.12,3,1,0,0.52,0
54.71,5,9.67,1,0,0,0.201,0
113.45,16,27.46,3,1,1,0.439,0
48.22,18,10.8,1,0,1,0.924,0
61.84,1,0.25,2,1,0,0.868,0
109.41,8,3.07,1,1,0,0.39,0
102.48,15,23.03,1,0,0,0.844,0
89.25,14,4.73,4,0,1,0.881,0
91.16,1,18.1,1,0,0,0.435,0
170.38,20,16.81,3,0,1,0.112,0
143.04,22,23.08,2,0,0,0.135,0
19.96,19,13.4,5,0,0,0.294,0
30.74,9,2.94,3,1,0,0.251,0
283.74,17,2.03,4,0,1,0.199,0
314.56,2,3.35,2,1,0,0.24,0
115.3,21,2.61,2,0,0,0.888,0
50.29,9,12.61,2,0,1,0.452,0
150.68,17,1.86,3,0,1,0.323,0
131.31,22,36.49,4,1,0,0.19,0
14.15,23,21.59,4,0,1,0.293,0
71.24,13,3.63,1,0,1,0.123,0
16.42,2,21.33,2,0,0,0.359,0
42.08,15,7.53,2,0,1,0.27,0
68.83,22,20.51,3,0,1,0.733,1
372.55,8,29.26,5,0,0,0.134,0
8.03,14,1.05,2,1,1,0.123,0
46.69,1,13.44,2,0,0,0.598,0
131.96,20,3.78,2,0,1,0.921,0
129.98,5,1.67,3,1,1,0.665,0
156.18,12,66.51,5,1,0,0.322,1
24.69,6,15.2,2,1,0,0.95,0
58.6,11,10.89,1,1,1,0.14,0
41.99,1,27.88,4,1,1,0.266,1
247.22,18,1.61,4,0,1,0.744,0
58.1,14,7.26,1,1,1,0.107,0
67.9,6,20.71,1,1,1,0.788,1
80.72,9,9.46,2,1,0,0.719,0
18.0,22,3.44,4,1,1,0.775,1
111.9,10,10.37,6,0,1,0.455,0
22.08,8,18.55,6,1,1,0.006,0
80.09,11,9.74,5,0,0,0.405,0
32.28,13,12.96,1,1,0,0.081,0
221.03,3,1.44,0,1,1,0.342,0
69.26,8,20.03,1,1,1,0.037,0
459.87,19,0.17,2,0,0,0.32,0
7.14,22,28.55,5,0,1,0.688,1
263.05,19,1.29,4,1,1,0.645,1
157.59,14,19.54,1,0,0,0.565,0
89.35,6,11.92,0,1,1,0.698,0
606.2,14,25.46,4,0,0,0.278,0
15.99,9,2.69,2,1,1,0.704,0
82.48,19,28.43,4,1,1,0.075,0
232.11,10,8.48,5,0,1,0.156,0
122.39,0,7.61,2,1,0,0.369,0
45.67,16,3.98,6,1,1,0.276,0
127.48,9,10.87,6,1,0,0.182,0
44.03,21,10.25,1,0,1,0.783,0
47.43,15,23.85,3,1,1,0.541,0
34.4,11,1.78,5,0,0,0.458,0
191.38,2,22.04,3,1,1,0.928,1
91.12,12,3.48,1,0,0,0.581,0
825.87,6,10.66,0,0,0,0.204,0
155.55,14,3.34,6,0,1,0.212,0
15.13,13,10.42,3,1,0,0.495,0
148.79,7,30.2,6,0,0,0.862,0
22.45,16,0.39,5,1,1,0.228,0
50.59,3,48.29,1,0,0,0.893,0
76.79,10,3.47,3,0,0,0.874,0
22.41,22,0.75,2,0,1,0.015,0
40.23,8,14.84,2,0,0,0.827,0
33.99,18,1.96,3,0,0,0.291,0
76.78,16,41.27,3,0,1,0.596,0
61.96,7,49.26,2,0,1,0.709,0
60.09,6,3.81,1,1,0,0.99,0
367.35,23,3.21,6,0,1,0.84,1
114.72,16,48.25,1,1,0,0.411,0
102.82,23,1.76,6,0,0,0.9,0
199.8,5,2.97,3,0,1,0.591,0
429.35,21,51.02,2,1,0,0.931,0
269.95,17,13.82,5,1,1,0.194,0
23.22,20,4.03,6,0,1,0.957,0
113.08,16,1.34,3,1,1,0.195,0
144.58,16,4.99,1,1,0,0.641,0
174.81,15,32.39,3,0,0,0.39,0
57.91,10,20.74,6,0,1,0.736,1
71.66,2,11.04,6,0,1,0.989,1
27.49,9,2.13,2,1,0,0.806,0
46.13,11,6.93,4,1,1,0.004,0
20.77,23,3.44,4,1,1,0.913,0
238.41,18,9.86,4,1,0,0.922,0
39.67,11,9.65,7,1,0,0.934,1
26.24,5,5.91,5,1,0,0.483,0
89.6,11,1.81,5,0,1,0.313,0
74.2,19,11.69,5,0,1,0.464,0
33.57,6,0.19,1,0,1,0.153,0
97.19,16,25.88,3,0,1,0.804,0
35.65,2,15.66,1,0,0,0.635,0
111.05,5,16.47,3,0,1,0.306,0
64.91,21,11.43,2,0,0,0.162,0
82.88,9,24.76,0,1,1,0.087,0
45.56,12,26.88,4,0,1,0.447,0
34.14,1,11.18,3,1,1,0.04,1
86.06,16,1.94,1,0,0,0.71,0
13.86,14,7.26,5,1,1,0.993,1
266.33,0,27.8,7,1,1,0.445,1
42.28,2,22.1,2,1,0,0.11,0
532.02,15,0.07,4,1,0,0.352,0
130.56,5,11.41,1,1,1,0.066,0
60.77,17,4.65,3,1,1,0.429,0
36.49,5,20.49,2,0,0,0.032,0
112.08,3,1.49,3,1,0,0.747,0
105.93,1,19.34,5,0,0,0.91,0
102.63,10,25.33,5,1,1,0.124,1
154.41,23,5.8,6,0,1,0.667,1
75.25,11,14.94,1,1,1,0.342,0
209.57,17,23.08,1,1,1,0.529,0
30.96,4,10.2,5,1,1,0.915,1
54.41,8,10.95,1,1,1,0.773,0
123.91,16,2.32,4,1,0,0.492,0
30.57,2,38.38,6,1,1,0.532,1
69.64,16,13.06,1,0,0,0.172,0
309.51,6,27.47,2,1,0,0.286,0
74.12,18,5.21,1,1,1,0.874,0
41.7,20,1.65,2,1,1,0.419,0
206.31,5,4.27,1,1,1,0.036,0
21.41,5,0.45,1,0,1,0.388,0
47.87,22,42.13,6,1,0,0.181,0
193.61,12,8.32,1,0,1,0.39,0
30.87,15,2.15,2,1,1,0.214,0
86.3,0,10.34,7,1,0,0.841,1
62.19,21,20.88,4,0,0,0.881,0
319.69,19,30.49,4,1,0,0.093,0
16.09,2,11.1,2,0,0,0.953,0
38.8,16,11.03,7,0,1,0.671,0
48.19,4,14.45,2,1,1,0.99,1
96.91,19,1.41,4,0,0,0.603,0
115.81,13,3.43,2,0,0,0.995,0
101.84,4,2.58,4,1,1,0.689,1
275.65,0,5.37,2,0,1,0.316,0
130.58,20,17.04,3,1,1,0.184,0
18.52,18,10.13,1,0,0,0.993,0
15.72,8,13.24,0,1,0,0.459,0
38.96,4,11.37,1,1,0,0.314,0
39.42,20,2.75,6,1,0,0.606,0
43.09,20,2.32,5,1,1,0.241,0
190.32,7,0.08,1,1,0,0.486,0
35.47,8,13.72,1,0,0,0.014,0
202.17,1,20.14,4,0,0,0.995,1
210.33,19,24.44,2,0,0,0.304,0
68.8,8,14.57,7,0,1,0.574,0
39.6,5,2.2,1,1,1,0.05,0
241.79,7,23.16,2,0,1,0.028,0
28.63,16,5.28,3,1,0,0.428,0
107.65,15,4.96,3,1,1,0.804,0
87.58,1,9.78,1,0,0,0.513,0
244.08,11,24.49,2,1,0,0.023,0
95.47,7,2.54,3,1,1,0.974,1
68.11,8,3.17,1,1,0,0.722,0
191.55,9,53.23,2,0,0,0.701,0
45.6,16,10.72,1,0,1,0.902,0
117.03,20,6.9,1,0,1,0.797,0
76.15,0,15.2,2,0,1,0.747,0
69.05,14,10.6,3,0,0,0.624,0
15.14,23,15.78,3,0,1,0.922,0
66.41,0,13.55,5,1,0,0.356,0
24.27,8,4.95,1,0,0,0.728,0
113.3,12,0.77,2,1,0,0.968,0
713.19,11,21.41,2,1,1,0.032,0
53.19,10,0.52,1,1,1,0.93,0
166.74,0,0.38,1,1,0,0.309,0
182.86,2,9.74,3,0,1,0.357,0
21.07,15,24.95,3,1,1,0.922,0
135.38,6,14.25,1,1,1,0.506,0
48.66,12,2.67,3,0,1,0.795,0
42.96,8,4.71,2,1,0,0.67,0
151.48,13,1.26,4,1,1,0.223,0
38.25,8,0.21,3,0,0,0.76,0
40.1,0,1.93,2,1,0,0.804,0
142.31,4,6.15,3,1,0,0.21,0
242.22,9,10.21,1,0,1,0.247,0
71.27,16,10.0,1,0,0,0.215,0
129.97,22,22.86,0,1,1,0.617,0
16.14,1,10.8,4,0,1,0.132,0
60.25,19,5.28,2,1,0,0.147,0
104.26,3,27.02,3,0,1,0.614,0
28.7,22,1.61,1,0,1,0.752,0
127.05,22,13.67,2,1,0,0.316,0
88.42,12,6.96,5,0,0,0.38,0
88.76,7,23.7,3,0,1,0.445,0
218.11,17,5.43,6,0,0,0.999,0
236.4,16,0.54,2,1,0,0.381,0
19.78,19,8.67,5,0,1,0.869,0
34.63,19,8.98,2,1,0,0.315,0
114.25,1,1.99,1,0,1,0.047,0
49.35,17,0.56,1,1,1,0.202,0
487.91,16,0.11,2,1,0,0.593,0
201.51,6,19.47,4,0,0,0.687,0
29.35,22,0.13,4,1,1,0.437,0
31.31,15,19.59,2,1,1,0.712,0
18.81,9,5.5,7,1,1,0.848,1
96.68,13,16.74,1,0,0,0.046,0
36.41,20,9.92,5,1,1,0.298,0
33.92,22,8.16,1,0,1,0.239,0
18.82,6,17.56,5,0,0,0.327,0
162.34,0,1.82,3,1,1,0.678,1
31.6,22,22.06,3,0,1,0.768,0
26.96,10,19.4,5,0,1,0.23,0
10.11,14,12.48,2,1,1,0.731,0
99.96,22,8.08,4,1,0,0.275,0
83.97,8,16.81,2,1,0,0.436,0
138.55,11,13.59,2,1,0,0.98,0
280.2,1,4.01,1,1,0,0.535,0
82.03,23,37.32,3,0,0,0.894,0
47.26,6,2.56,5,1,1,0.503,1
13.41,16,4.99,3,1,0,0.634,0
74.27,16,9.39,0,0,1,0.529,0
94.87,7,0.53,1,0,0,0.834,0
86.23,21,1.44,1,1,0,0.193,0
9.51,23,30.04,5,0,1,0.596,0
229.4,2,9.71,5,1,0,0.486,0
124.11,13,23.36,5,0,1,0.614,1
45.16,11,0.89,5,1,0,0.787,0
50.19,0,3.52,3,0,0,0.866,0
9.77,4,0.57,4,0,1,0.871,1
92.12,21,0.35,3,0,1,0.137,0
47.3,23,11.21,4,0,0,0.852,0
21.53,8,7.06,3,1,0,0.131,0
480.21,19,34.15,4,1,1,0.629,1
312.58,16,16.25,2,1,1,0.634,0
137.53,18,8.05,3,0,1,0.103,0
65.29,14,3.37,2,0,0,0.229,0
19.27,22,16.35,3,0,1,0.692,0
65.42,17,2.85,1,1,0,0.129,0
106.68,8,2.08,2,1,1,0.183,0
59.84,18,35.17,3,0,0,0.709,0
64.38,8,14.77,6,1,1,0.442,0
80.37,23,0.56,4,1,0,0.688,0
21.25,7,16.95,2,1,1,0.746,0
151.51,17,1.49,4,1,1,0.109,0
182.56,12,20.13,4,1,1,0.445,1
43.37,23,19.02,4,1,0,0.397,0
33.3,2,7.0,1,1,1,0.815,1
556.03,0,26.45,2,1,0,0.347,0
208.77,1,12.44,3,1,0,0.635,0
6.55,19,60.59,4,1,0,0.653,1
60.21,8,57.26,4,1,0,0.125,0
24.05,22,2.32,6,0,0,0.534,0
26.8,8,17.68,3,0,1,0.718,0
33.45,9,9.34,3,1,0,0.766,0
69.61,16,19.92,3,1,1,0.606,0
58.45,11,6.3,1,1,1,0.686,0
18.27,4,22.28,4,1,0,0.236,0
22.5,0,22.96,3,0,0,0.338,0
8.5,9,20.62,1,0,0,0.41,0
60.92,5,8.85,5,1,0,0.672,0
87.22,23,5.64,1,1,0,0.658,0
157.77,5,9.27,3,1,1,0.954,0
177.89,9,40.39,5,0,0,0.868,0
73.59,18,34.09,4,1,0,0.9,1
44.53,7,34.52,1,0,1,0.919,0
566.93,18,55.21,2,1,1,0.233,1
26.4,15,27.21,4,0,0,0.497,0
17.17,1,3.41,6,0,1,0.727,1
42.03,8,46.89,2,0,1,0.508,0
81.01,22,4.23,2,1,1,0.427,0
257.25,10,33.85,3,1,0,0.138,0
41.55,23,7.09,4,1,0,0.794,0
13.19,1,6.37,5,0,0,0.678,0
138.83,22,5.96,2,0,0,0.956,0
42.45,2,82.5,3,0,1,0.837,1
22.9,15,1.78,3,1,1,0.185,0
26.77,10,14.38,1,0,1,0.699,0
76.02,21,1.92,5,0,0,0.313,0
11.39,13,40.31,7,1,0,0.642,0
291.33,13,1.82,0,0,0,0.257,0
56.28,9,8.06,2,1,0,0.203,0
69.69,18,33.08,4,1,0,0.346,0
189.89,18,1.86,1,1,0,0.335,0
31.48,2,20.45,3,0,0,0.519,0
70.71,1,35.53,3,0,1,0.113,0
61.02,23,7.97,2,1,1,0.917,0
107.45,18,71.49,5,0,1,0.506,1
766.9,6,14.62,4,1,0,0.254,0
22.16,15,18.43,2,0,1,0.111,0
62.03,20,3.41,2,0,0,0.638,0
551.52,23,21.54,4,1,0,0.626,0
27.02,2,10.24,3,1,1,0.568,1
334.26,4,1.56,2,0,0,0.606,0
72.04,16,5.08,4,1,1,0.042,1
186.46,13,11.27,2,1,0,0.252,0
116.71,0,4.78,4,0,0,0.328,0
91.56,7,2.56,2,0,0,0.98,0
27.32,11,12.1,6,1,0,0.514,0
57.44,21,6.09,2,1,0,0.101,0
132.13,1,16.72,1,0,1,0.647,0
45.32,22,9.81,3,1,1,0.609,0
22.5,10,20.92,2,0,1,0.017,0
24.97,11,6.09,2,1,1,0.083,0
274.07,4,8.44,1,0,1,0.271,0
328.84,10,4.64,2,0,0,0.456,0
32.48,3,3.95,2,1,0,0.813,1
65.22,1,13.45,3,1,1,0.072,1
230.73,8,2.22,4,1,1,0.738,0
89.32,11,3.29,3,0,1,0.942,0
71.24,19,67.96,2,1,0,0.988,1
123.61,18,41.79,5,0,0,0.952,0
22.0,14,6.99,1,0,0,0.237,0
33.62,9,22.38,0,0,0,0.651,0
143.31,19,27.34,2,0,1,0.066,0
81.56,12,15.09,4,1,1,0.392,1
105.88,16,69.97,1,0,1,0.592,0
73.07,14,8.68,6,1,0,0.171,0
18.34,3,36.2,1,0,1,0.585,0
101.89,1,1.51,3,1,0,0.839,0
244.39,22,13.13,0,0,0,0.103,0
111.79,17,4.8,1,0,0,0.983,0
138.83,15,7.82,3,0,1,0.643,0
26.1,2,5.31,4,0,0,0.0,0
51.97,19,11.4,5,0,1,0.871,0
42.36,0,24.79,1,1,0,0.41,1
40.24,13,16.15,6,0,0,0.76,0
35.91,23,23.7,3,1,1,0.894,1
120.68,3,0.31,2,1,0,0.937,0
115.99,8,8.49,3,1,1,0.317,0
155.42,20,1.12,1,1,1,0.688,0
404.82,14,4.29,1,0,1,0.783,0
79.5,8,0.61,2,1,0,0.889,0
106.62,20,22.45,6,0,1,0.968,1
79.98,17,27.19,3,0,1,0.39,0
13.3,0,5.08,3,1,0,0.671,0
23.15,10,8.96,0,1,1,0.403,0
106.77,5,9.42,4,1,0,0.882,0
43.07,9,7.62,3,1,1,0.03,0
63.49,5,65.94,4,0,0,0.082,0
16.08,12,23.95,2,1,0,0.793,0
89.07,20,12.7,4,0,0,0.409,0
49.66,0,21.25,4,0,0,0.271,0
80.51,6,64.01,1,0,1,0.816,0
80.95,19,35.9,0,0,0,0.134,0
13.15,14,37.21,3,0,1,0.789,0
201.08,4,16.99,4,0,1,0.102,0
18.83,17,5.07,3,1,1,0.871,1
49.52,16,2.66,1,1,0,0.444,0
42.07,12,39.68,3,0,0,0.274,0
187.57,20,0.6,5,1,0,0.635,0
74.44,17,2.74,3,1,1,0.064,0
174.88,16,0.35,6,1,0,0.478,0
81.95,11,3.78,2,1,1,0.535,0
65.26,17,12.18,1,0,0,0.617,0
29.85,18,37.85,5,0,1,0.307,0
41.74,23,5.82,3,0,0,0.243,0
69.4,4,3.35,2,1,0,0.179,0
86.48,19,52.54,0,1,1,0.028,0
35.16,15,16.38,1,1,0,0.336,0
273.35,8,9.69,3,0,1,0.27,0
90.42,11,25.61,4,1,0,0.917,0
22.06,11,16.13,0,1,1,0.705,0
295.97,11,2.66,3,1,1,0.398,0
12.4,0,3.56,4,1,0,0.679,0
99.27,1,40.15,3,1,1,0.46,1
38.82,1,20.7,2,1,0,0.753,0
322.67,10,20.66,5,0,1,0.771,0
154.24,12,5.23,2,0,1,0.684,0
20.85,18,5.83,4,1,1,0.693,1
182.88,17,11.82,3,0,0,0.691,0
8.89,18,5.31,4,0,1,0.063,0
154.22,14,9.32,3,1,0,0.698,0
63.93,16,28.92,3,1,0,0.054,0
26.93,12,21.28,3,1,1,0.567,0
178.58,6,7.22,1,0,1,0.517,0
145.37,19,0.81,5,0,0,0.8,0
81.22,23,1.74,6,1,1,0.803,1
89.16,8,3.12,3,0,0,0.47,0
100.25,12,9.96,1,1,1,0.73,0
47.0,5,10.49,3,1,0,0.938,0
117.29,19,11.24,3,1,1,0.53,0
10.4,2,2.83,8,1,0,0.942,1
2.27,22,9.78,6,1,0,0.686,0
106.45,18,19.5,4,1,0,0.453,0
98.71,20,29.16,2,1,1,0.131,0
34.31,22,1.41,1,1,1,0.541,0
22.71,5,4.03,2,0,0,0.071,0
250.31,4,0.63,3,0,0,0.557,0
39.98,22,8.32,5,1,1,0.514,0
36.51,16,14.77,0,0,1,0.189,0
25.35,8,0.04,4,1,1,0.135,0
148.33,5,5.73,2,1,1,0.355,0
7.31,9,8.28,8,1,1,0.445,1
55.23,6,13.29,1,1,1,0.094,0
32.63,4,2.81,7,0,1,0.224,1
57.76,7,8.11,1,0,1,0.523,0
130.14,15,21.79,1,1,1,0.761,0
40.99,11,7.1,3,1,1,0.42,1
50.6,9,10.5,3,1,0,0.193,0
10.28,2,59.62,4,1,0,0.627,1
38.55,4,2.87,2,0,1,0.805,0
23.19,20,3.06,2,1,0,0.401,0
84.01,21,4.85,6,0,1,0.099,0
52.67,7,1.63,3,1,1,0.6,0
42.9,15,0.24,2,1,1,0.332,0
77.96,19,7.2,1,0,1,0.012,0
27.1,8,9.73,1,1,0,0.976,0
21.42,22,28.14,2,0,1,0.07,0
4.99,0,63.87,4,1,1,0.724,1
61.75,14,7.38,1,0,0,0.718,0
66.12,13,37.1,4,1,1,0.711,1
62.59,18,24.34,2,0,1,0.911,1
36.95,19,1.28,3,1,0,0.769,0
187.83,3,26.04,1,0,0,0.124,0
31.28,13,0.82,2,1,0,0.815,0
393.38,9,0.51,3,1,0,0.422,0
49.48,10,21.14,3,1,1,0.311,0
28.95,2,22.69,4,0,1,0.764,1
44.35,19,27.24,1,0,0,0.057,0
61.02,5,6.51,5,0,0,0.202,0
95.99,5,13.5,5,0,1,0.493,0
428.03,18,20.71,5,1,0,0.44,1
75.34,20,5.0,4,0,1,0.941,0
133.72,6,1.16,2,0,1,0.189,0
164.39,5,12.05,2,1,0,0.682,0
101.74,13,29.24,5,1,1,0.489,1
447.05,4,3.73,5,0,1,0.054,0
46.98,23,0.74,4,0,1,0.722,0
35.14,17,6.87,1,1,0,0.014,0
19.42,22,20.33,4,1,1,0.992,1
49.95,17,11.47,2,0,0,0.444,0
8.01,7,23.3,3,1,0,0.395,0
122.15,9,30.04,1,0,0,0.516,0
32.64,22,6.49,2,0,0,0.104,0
125.17,1,1.34,3,1,1,0.683,1
93.74,18,12.63,2,0,1,0.965,0
19.75,22,58.55,1,1,1,0.678,1
535.38,9,4.66,7,0,1,0.283,0
30.42,9,38.59,3,0,0,0.085,0
28.1,19,35.79,2,0,1,0.419,0
43.46,4,23.76,2,0,0,0.308,0
105.53,8,23.06,3,1,0,0.708,0
22.38,22,3.61,0,0,0,0.086,0
146.75,15,9.89,3,1,0,0.191,0
75.37,15,12.18,3,1,0,0.789,0
54.67,2,18.41,2,1,0,0.144,0
23.05,1,3.62,3,1,0,0.893,0
72.71,15,39.42,3,0,1,0.803,0
50.13,10,2.49,1,0,0,0.308,0
8.63,1,5.25,3,0,1,0.096,0
89.41,11,13.99,1,1,0,0.56,0
25.66,13,74.91,1,0,1,0.426,0
47.62,12,80.62,3,0,1,0.185,0
27.11,22,49.33,7,0,0,0.369,1
45.89,6,22.44,1,0,1,0.465,0
41.16,0,5.33,1,1,1,0.252,0
44.52,13,26.73,2,0,1,0.262,0
41.28,17,34.91,1,1,1,0.578,1
32.99,6,3.06,2,0,0,0.563,0
177.92,13,6.31,6,1,1,0.25,0
101.02,9,21.0,2,1,0,0.938,0
110.24,11,7.17,1,1,0,0.029,0
239.62,5,0.1,0,0,0,0.242,0
37.56,14,50.82,3,0,0,0.035,0
99.36,21,1.99,1,0,1,0.696,0
37.42,20,19.47,3,0,1,0.88,0
27.49,2,1.76,1,1,0,0.215,0
237.87,15,1.75,5,0,1,0.722,0
27.17,12,2.76,0,0,0,0.725,0
762.58,10,2.41,3,0,1,0.664,0
691.88,3,18.25,3,0,0,0.104,0
7.4,4,23.39,2,0,0,0.782,0
160.89,11,9.72,1,0,0,0.34,0
27.68,10,2.09,5,0,0,0.202,0
113.73,15,10.2,2,1,0,0.423,0
77.94,8,38.55,1,1,1,0.211,0
5.1,12,5.74,5,0,0,0.953,0
72.11,6,7.45,5,0,0,0.187,0
242.23,12,52.21,3,0,0,0.991,0
83.26,3,9.79,2,0,1,0.818,0
430.09,23,18.39,5,0,0,0.057,0
31.66,22,4.01,2,0,1,0.888,0
438.09,6,3.5,1,0,1,0.717,0
64.5,13,7.14,2,1,1,0.28,0
17.63,5,2.16,4,1,0,0.204,0
113.95,6,5.61,10,0,0,0.958,1
365.3,8,12.55,3,0,0,0.44,0
79.63,7,19.83,2,1,1,0.876,1
83.07,1,29.83,3,0,1,0.459,0
73.97,12,28.37,2,0,1,0.494,0
7.46,14,21.62,0,1,0,0.959,0
508.3,8,0.78,2,1,0,0.072,0
447.37,17,22.36,2,1,0,0.016,0
298.43,18,1.25,5,0,1,0.233,0
102.63,21,3.22,3,0,1,0.7,0
73.84,18,4.91,1,0,0,0.956,0
48.65,14,11.44,3,1,1,0.575,0
325.3,9,1.28,3,0,0,0.864,0
152.44,12,0.65,4,1,1,0.807,0
20.96,6,18.16,2,0,1,0.865,0
41.99,6,11.87,2,0,0,0.22,0
95.18,20,8.7,3,1,0,0.462,0
38.54,6,1.99,3,1,0,0.104,0
135.03,16,8.27,0,1,0,0.353,0
503.06,10,10.55,1,0,0,0.445,0
496.22,15,30.15,4,1,0,0.681,0
134.79,4,0.99,2,1,1,0.28,0
27.48,4,3.12,5,0,1,0.059,0
179.05,14,1.48,3,1,1,0.97,1
19.73,0,17.8,6,0,1,0.708,1
41.16,3,34.9,2,1,0,0.897,1
33.86,15,8.73,3,0,0,0.329,0
53.44,5,9.0,7,0,0,0.095,0
93.1,20,17.87,3,0,1,0.939,0
198.29,15,4.75,1,1,0,0.103,0
92.2,16,29.48,3,0,0,0.913,0
13.0,17,25.52,5,1,1,0.322,1
125.86,7,8.8,2,0,0,0.277,0
150.82,9,13.42,7,0,0,0.545,1
156.42,9,5.9,4,1,1,0.358,0
34.35,7,4.92,1,1,1,0.2,0
56.9,5,1.59,5,0,1,0.777,0
43.26,6,10.03,2,1,0,0.497,0
161.49,0,9.86,2,1,0,0.235,0
10.37,16,23.39,1,1,1,0.408,0
41.91,18,21.11,4,0,1,0.093,0
260.04,1,7.81,2,0,1,0.488,0
41.77,5,1.9,5,0,1,0.809,0
261.82,21,7.5,2,0,1,0.247,0
152.31,17,32.35,6,0,1,0.294,1
10.05,10,4.08,3,1,0,0.869,0
27.97,19,3.98,0,1,0,0.215,0
462.62,3,15.37,3,0,0,0.704,0
11.98,0,7.86,6,1,0,0.136,0
36.25,0,8.54,3,0,0,0.795,0
74.06,9,24.69,6,1,0,0.671,1
86.73,18,50.54,4,0,1,0.974,1
346.74,21,8.68,5,0,0,0.717,0
24.91,10,14.22,0,1,1,0.658,0
75.73,10,6.25,4,0,0,0.319,0
143.23,11,42.93,5,0,0,0.093,0
48.6,5,13.93,4,1,0,0.69,0
26.86,10,4.45,4,0,0,0.505,0
41.76,2,10.36,2,1,0,0.309,0
19.63,18,4.63,2,0,0,0.977,0
65.43,23,11.01,3,0,1,0.514,0
197.07,0,5.82,3,1,1,0.185,0
39.47,15,9.68,1,0,1,0.285,0
129.79,8,16.25,4,0,1,0.269,0
8.73,23,1.23,6,1,1,0.335,0
10.18,13,27.17,3,1,1,0.411,0
230.99,19,10.51,1,1,1,0.083,0
55.36,3,5.96,2,1,0,0.822,1
101.43,10,2.25,5,0,0,0.651,0
14.82,14,52.14,3,0,1,0.177,0
25.26,19,3.67,4,0,1,0.018,0
214.39,15,13.92,1,1,0,0.713,0
62.83,16,12.91,6,0,1,0.208,0
124.86,17,1.82,7,1,0,0.314,0
67.39,17,27.45,4,1,0,0.495,0
212.73,13,2.08,2,1,1,0.582,0
37.63,21,33.74,2,1,0,0.117,0
6.52,20,9.05,6,0,0,0.716,0
25.07,21,41.23,6,1,1,0.407,1
114.0,14,1.24,3,0,0,0.142,0
85.47,5,22.81,3,0,0,0.53,0
50.21,1,25.41,3,1,0,0.614,1
214.53,7,0.47,3,1,0,0.838,0
35.73,2,44.76,2,1,1,0.58,1
20.34,3,2.63,5,0,1,0.561,1
157.62,0,27.16,3,0,0,0.173,0
32.66,7,3.17,3,0,0,0.293,0
83.06,16,13.42,4,0,1,0.136,0
15.24,20,32.43,2,1,0,0.189,0
14.66,11,13.69,4,1,1,0.256,0
33.83,3,6.78,2,0,0,0.856,0
608.41,17,3.74,1,0,0,0.437,0
105.72,15,15.52,2,1,0,0.494,0
49.73,22,12.59,6,0,1,0.7,0
43.6,22,0.39,3,0,0,0.13,0
83.42,21,11.93,2,1,0,0.733,0
75.84,16,69.44,4,0,1,0.107,0
135.97,19,20.52,3,1,1,0.85,0
511.9,3,10.2,2,1,0,0.356,0
47.73,16,11.39,3,0,0,0.084,0
948.37,16,11.03,2,0,0,0.826,0
9.62,1,0.39,5,1,0,0.269,0
83.15,21,14.8,4,0,0,0.609,0
31.99,23,13.16,3,0,0,0.721,0
112.61,5,8.97,8,0,1,0.785,1
17.35,8,9.5,3,1,0,0.204,0
28.96,9,36.18,3,1,0,0.403,0
68.72,19,7.7,4,1,1,0.412,0
16.79,2,8.95,2,0,1,0.199,0
1552.81,2,4.14,1,1,1,0.747,1
214.56,6,0.11,0,1,0,0.475,0
152.66,23,3.84,0,1,1,0.64,0
98.98,6,1.82,2,0,1,0.871,0
110.92,14,53.72,1,1,0,0.718,0
57.59,21,5.89,3,1,1,0.439,0
85.75,16,0.8,2,0,0,0.791,0
52.55,9,7.86,2,1,0,0.476,0
23.14,21,1.72,2,0,0,0.512,0
55.21,4,8.9,0,1,1,0.885,1
287.26,6,5.23,4,0,0,0.479,0
92.77,3,0.23,1,0,0,0.574,0
345.12,4,25.66,5,1,1,0.732,1
185.26,14,6.54,1,0,1,0.853,0
661.5,12,23.74,5,0,1,0.865,0
84.23,6,34.33,0,0,1,0.144,0
79.66,19,3.48,1,0,0,0.957,0
44.38,14,20.62,1,1,1,0.706,0
229.87,17,24.23,4,1,0,0.26,0
43.84,8,11.48,5,1,0,0.364,0
129.44,20,23.73,3,1,1,0.975,1
12.11,23,6.51,3,0,1,0.984,0
42.24,18,13.05,0,0,0,0.303,0
286.45,15,0.82,2,0,1,0.662,0
113.9,16,7.63,6,1,1,0.419,1
262.79,11,22.34,0,0,0,0.864,0
40.18,18,58.47,3,1,1,0.663,1
53.89,15,30.31,4,1,0,0.179,0
12.38,17,3.34,4,0,1,0.464,0
66.75,5,3.19,3,1,0,0.617,0
154.62,23,9.94,4,1,1,0.089,0
53.6,15,23.3,1,1,1,0.732,0
74.1,19,9.73,8,1,1,0.658,1
25.85,13,29.05,3,1,0,0.359,0
28.55,5,4.11,5,1,0,0.859,1
67.79,17,6.19,3,0,1,0.58,0
146.9,20,7.1,3,0,1,0.112,0
46.63,5,10.04,4,0,1,0.375,0
136.57,13,15.38,5,1,1,0.075,0
215.23,7,15.09,1,0,1,0.286,0
41.55,13,9.47,1,0,0,0.82,0
21.02,2,0.06,4,1,1,0.141,0
7.01,19,12.29,1,0,0,0.735,0
85.75,13,7.71,3,0,1,0.162,0
32.13,12,9.0,3,0,1,0.374,0
73.05,6,8.62,8,0,1,0.01,0
34.09,23,54.24,5,1,1,0.064,0
52.05,4,21.68,3,1,0,0.839,1
98.16,19,25.31,3,1,0,0.404,0
46.37,18,6.52,4,1,1,0.142,0
186.58,14,0.2,3,0,0,0.7,0
30.26,9,25.22,4,0,1,0.113,0
35.28,19,11.38,2,1,1,0.258,0
44.28,11,5.23,3,0,0,0.041,0
102.87,0,29.81,3,0,1,0.582,0
22.24,5,3.18,4,0,0,0.972,0
211.07,2,17.89,5,0,0,0.744,0
11.1,9,11.31,1,1,0,0.784,0
55.97,19,24.93,5,1,1,0.88,0
94.31,20,1.02,4,0,1,0.065,0
14.74,0,43.16,4,1,1,0.763,1
96.19,20,10.23,2,0,1,0.632,0
152.77,20,36.36,1,1,0,0.403,0
84.26,7,8.7,2,0,1,0.931,0
62.27,15,23.12,5,0,0,0.784,0
60.96,22,22.15,5,0,0,0.898,0
65.32,23,0.3,4,0,0,0.702,0
173.1,18,15.95,5,0,1,0.77,0
51.22,14,0.53,5,0,0,0.108,0
40.73,1,12.23,5,0,1,0.759,1
159.18,9,25.97,6,0,0,0.796,0
120.67,7,9.77,2,0,1,0.771,0
191.48,23,5.88,3,1,0,0.102,0
21.38,21,7.73,3,1,1,0.523,0
203.79,1,7.9,5,1,0,0.931,1
56.1,5,42.7,4,1,1,0.075,1
26.4,14,21.67,2,1,1,0.667,0
143.72,8,3.41,3,0,1,0.478,0
93.05,2,2.16,7,0,1,0.749,1
22.56,19,21.74,6,1,1,0.649,1
52.7,17,4.37,0,1,0,0.523,0
126.36,10,19.96,2,0,1,0.43,0
11.33,4,0.17,2,1,1,0.909,0
115.06,19,34.37,4,0,0,0.045,0
54.09,16,0.48,3,1,1,0.807,0
111.61,20,0.07,5,1,0,0.864,0
7.19,21,48.35,4,1,0,0.449,0
329.72,23,5.28,4,1,0,0.596,0
36.14,1,6.96,3,1,0,0.994,1
37.17,10,2.16,1,0,1,0.815,0
52.46,0,18.76,1,1,1,0.642,0
115.49,13,14.96,6,1,1,0.961,0
57.84,2,31.09,5,0,0,0.563,0
315.51,6,11.95,2,0,1,0.555,0
52.69,6,0.74,3,1,0,0.193,0
345.41,18,9.4,3,0,0,0.139,0
54.42,5,8.56,3,1,0,0.49,0
67.11,19,9.25,6,1,1,0.851,1
13.57,16,0.25,2,0,1,0.083,0
29.81,5,31.97,4,1,0,0.44,0
89.55,21,11.37,3,1,0,0.233,0
15.59,1,33.97,2,1,0,0.701,0
361.26,21,7.87,2,0,1,0.403,0
82.67,16,32.64,7,0,1,0.854,1
46.67,19,4.32,1,0,1,0.528,0
60.98,5,5.83,3,1,1,0.31,0
355.76,15,7.04,6,1,1,0.376,0
145.75,14,45.79,3,1,1,0.908,1
9.97,22,0.31,5,1,1,0.747,0
43.88,6,1.97,2,1,0,0.908,0
167.1,0,1.02,3,0,1,0.234,0
28.47,11,2.94,3,0,1,0.33,0
95.35,20,12.4,2,1,0,0.597,0
6.87,12,9.13,3,1,1,0.914,0
37.01,10,21.03,2,0,0,0.555,0
74.46,11,15.91,0,0,1,0.368,0
137.84,4,9.35,2,1,1,0.674,1
41.15,12,17.3,3,0,0,0.86,0
168.45,20,3.01,1,0,0,0.191,0
15.04,8,22.74,3,1,1,0.422,0
55.32,0,8.51,6,0,0,0.943,0
80.18,3,14.56,5,0,1,0.154,0
13.84,11,0.47,2,1,1,0.97,0
242.9,20,3.18,4,1,0,0.45,0
89.28,10,54.05,3,1,1,0.498,1
22.03,20,21.74,1,1,0,0.36,0
115.97,8,42.54,0,1,1,0.02,0
28.87,23,19.48,1,0,0,0.391,0
34.74,17,28.71,2,1,1,0.87,0
16.92,1,19.23,2,1,1,0.087,0
46.44,14,47.3,2,0,0,0.063,0
7.4,19,1.62,4,1,0,0.677,0
82.73,7,25.36,4,1,0,0.084,0
425.03,4,1.16,1,0,1,0.302,0
42.68,12,0.85,2,0,1,0.581,0
6.65,12,1.28,3,1,0,0.957,0
41.25,22,13.93,5,0,1,0.855,0
62.19,0,32.25,3,0,1,0.533,1
77.62,10,7.72,4,0,0,0.526,0
62.41,3,5.55,3,1,1,0.192,0
305.54,21,5.01,3,0,1,0.328,0
55.21,5,48.99,3,0,0,0.977,0
44.84,6,18.2,1,1,0,0.638,0
94.52,3,21.55,3,1,1,0.96,1
104.01,9,2.44,5,1,1,0.458,1
53.84,14,18.18,1,0,0,0.678,0
52.24,2,19.85,5,1,0,0.76,1
34.75,6,16.13,5,1,1,0.017,0
138.25,16,29.16,1,1,1,0.942,1
14.08,4,33.38,7,1,1,0.063,1
74.94,19,0.24,5,1,1,0.035,0
161.99,2,65.39,6,1,1,0.746,1
63.01,14,2.73,2,0,1,0.243,0
11.67,14,2.37,3,1,0,0.585,0
56.55,0,7.8,3,0,1,0.778,0
137.95,10,3.29,8,1,0,0.326,1
83.7,7,31.43,2,1,1,0.822,1
22.55,12,3.01,3,0,1,0.662,0
655.54,3,19.17,2,1,1,0.45,0
169.13,5,4.24,3,1,1,0.84,0
77.67,12,8.67,2,1,1,0.527,0
1067.28,19,17.1,2,1,0,0.187,0
49.77,19,14.55,4,1,1,0.607,1
14.7,4,6.72,6,0,1,0.696,0
56.42,14,0.16,8,0,0,0.66,0
71.34,14,2.99,3,0,0,0.818,0
13.83,14,21.39,6,1,1,0.59,1
133.15,22,1.84,2,1,1,0.457,0
178.63,14,19.11,4,0,0,0.22,0
16.06,17,31.87,3,1,0,0.929,0
34.76,22,3.69,6,1,1,0.813,1
19.57,21,8.71,1,0,0,0.105,0
18.07,3,7.3,1,1,1,0.938,1
103.57,20,5.41,3,1,0,0.475,0
72.98,21,12.12,3,0,1,0.146,0
53.44,4,0.47,5,1,1,0.717,1
90.75,10,2.68,4,0,0,0.916,0
45.21,0,6.69,0,0,1,0.82,0
34.72,7,13.53,3,1,1,0.821,1
44.71,10,49.02,3,0,0,0.021,0
51.95,11,0.56,5,0,1,0.177,0
67.89,16,5.64,3,0,0,0.068,0
111.17,13,6.27,2,0,1,0.116,0
32.01,3,9.76,3,0,0,0.351,0
49.71,3,40.73,3,0,0,0.877,0
37.45,8,29.11,3,1,1,0.056,0
35.63,16,30.13,3,0,1,0.041,0
146.92,7,1.01,4,1,0,0.29,0
32.8,7,13.84,5,0,1,0.317,0
57.07,2,21.55,5,1,1,0.198,1
23.98,8,15.7,4,0,0,0.548,0
134.72,0,23.85,0,0,0,0.55,0
200.55,14,4.84,2,0,1,0.152,0
79.01,21,29.05,2,0,1,0.764,0
462.48,16,12.64,1,0,0,0.179,0
8.09,23,21.2,5,1,1,0.557,1
33.31,0,1.23,6,1,1,0.246,1
128.42,21,39.69,3,0,0,0.867,0
14.03,17,7.04,4,0,1,0.308,0
56.34,22,5.87,4,1,1,0.402,0
71.62,7,38.41,2,1,1,0.859,1
51.98,20,0.93,6,1,0,0.399,0
63.72,19,9.34,2,1,0,0.098,0
155.93,0,6.08,2,0,1,0.0,0
196.99,17,19.54,1,0,0,0.372,0
16.26,8,0.28,2,0,0,0.85,0
17.77,11,4.55,2,1,0,0.367,0
103.96,6,48.59,2,0,0,0.596,0
20.55,1,0.78,6,1,1,0.349,1
450.62,22,36.95,2,1,1,0.636,1
60.15,11,0.53,2,0,1,0.365,0
83.97,12,8.63,6,0,0,0.099,0
55.89,4,23.44,0,1,1,0.172,0
46.16,15,0.46,0,1,1,0.35,0
32.06,21,7.21,4,1,0,0.097,0
360.69,8,16.53,2,0,0,0.891,0
96.03,6,39.58,4,1,1,0.866,1
8.87,22,5.54,2,0,1,0.174,0
35.28,13,44.03,2,1,0,0.701,0
113.36,23,4.98,3,0,0,0.369,0
101.46,1,21.82,5,1,1,0.997,1
227.75,14,12.71,3,0,0,0.774,0
87.25,14,27.38,2,0,0,0.037,0
51.7,7,25.58,4,1,1,0.995,1
55.99,20,6.44,4,0,1,0.789,0
89.25,5,79.95,1,1,1,0.304,0
114.89,5,40.05,8,0,1,0.822,1
35.16,6,26.4,1,0,0,0.778,0
48.14,12,8.78,2,0,0,0.933,0
117.87,22,38.42,3,1,0,0.395,0
77.0,17,33.06,5,1,1,0.525,1
60.04,5,29.26,5,1,1,0.529,0
154.36,11,46.46,5,1,1,0.914,1
31.78,20,6.53,2,0,0,0.17,0
122.07,19,7.27,4,0,1,0.582,0
226.66,4,10.97,2,0,1,0.538,0
66.21,5,4.1,1,1,0,0.407,0
60.93,14,5.2,1,0,0,0.365,0
23.17,10,18.11,6,0,0,0.16,0
46.21,12,1.31,1,1,0,0.455,0
34.41,1,7.57,3,1,0,0.464,0
181.24,13,39.34,2,0,1,0.638,0
51.4,20,46.09,1,0,0,0.648,0
50.17,14,2.82,4,0,0,0.51,0
196.54,0,7.15,2,0,0,0.255,0
61.74,20,64.57,4,0,1,0.435,0
115.79,3,3.61,3,1,0,0.325,0
46.56,12,26.59,2,1,0,0.192,0
98.18,7,6.43,5,0,1,0.711,0
55.93,15,37.43,4,1,1,0.272,1
241.31,1,12.04,3,0,1,0.548,0
84.09,11,4.4,4,1,0,0.897,0
16.38,9,22.39,3,0,1,0.524,0
40.97,21,13.95,2,1,0,0.026,0
18.85,9,25.69,7,0,0,0.751,1
114.37,11,34.83,2,0,0,0.764,0
146.4,9,21.83,5,0,0,0.169,0
86.24,20,10.45,2,1,1,0.185,0
40.24,17,0.86,3,1,0,0.377,0
21.35,15,4.32,1,1,1,0.741,0
63.67,2,6.96,4,1,0,0.506,1
34.24,10,2.45,3,1,0,0.28,0
169.01,2,42.3,4,0,0,0.526,0
45.15,11,3.89,1,0,0,0.121,0
105.31,22,2.4,5,0,0,0.143,0
41.27,0,75.08,2,0,1,0.126,0
199.11,13,3.06,7,1,1,0.775,1
24.15,7,3.97,1,0,1,0.631,0
46.76,0,2.58,3,0,0,0.88,0
119.12,10,28.96,6,1,0,0.667,0
356.44,3,5.48,3,0,1,0.677,0
15.94,14,2.88,3,0,0,0.001,0
18.7,3,5.09,5,1,0,0.602,1
106.72,0,0.09,4,0,0,0.36,0
323.6,9,41.27,6,1,1,0.85,1
154.49,18,7.0,3,1,1,0.729,0
136.52,20,0.51,3,1,0,0.147,0
22.94,7,0.1,3,0,0,0.104,0
86.66,9,5.41,4,1,0,0.181,0
111.17,2,21.39,3,1,0,0.911,1
82.5,5,29.23,6,1,1,0.64,1
90.41,13,0.72,3,1,1,0.47,0
141.72,2,20.07,6,1,0,0.542,1
5.84,3,21.51,2,1,0,0.336,0
8.7,6,8.18,2,0,1,0.92,0
20.29,17,0.03,4,0,1,0.242,0
72.7,1,12.93,2,1,0,0.427,0
45.18,5,37.82,2,1,1,0.042,0
17.57,3,37.54,5,1,1,0.061,1
336.97,16,7.23,2,1,1,0.123,0
54.18,7,0.21,5,0,0,0.273,0
81.16,23,3.39,4,0,0,0.623,0
169.7,14,32.02,3,1,1,0.472,1
561.14,11,11.12,4,0,0,0.971,0
62.84,20,27.36,3,0,0,0.732,0
80.27,0,0.39,4,1,1,0.456,0
19.2,22,17.46,1,0,1,0.224,0
63.58,3,11.15,2,0,1,0.322,1
18.9,20,21.25,2,0,1,0.24,0
42.37,7,5.42,6,1,0,0.782,0
142.88,18,6.92,1,0,1,0.916,0
95.37,12,67.86,5,1,1,0.087,1
171.98,10,20.22,2,0,1,0.11,0
85.74,18,7.27,6,0,0,0.385,0
213.91,4,9.13,1,0,1,0.546,0
24.97,12,11.37,3,1,1,0.852,1
225.1,17,13.0,2,1,0,0.312,0
37.64,18,18.7,3,1,0,0.146,0
45.72,13,49.49,3,0,0,0.531,0
48.76,4,8.18,3,1,0,0.477,0
416.48,8,27.91,3,0,0,0.677,0
31.33,5,10.46,6,0,1,0.343,0
107.9,21,0.86,4,0,1,0.989,0
101.34,6,10.6,4,0,1,0.736,0
73.49,15,58.98,4,1,0,0.368,1
30.25,8,0.05,3,1,1,0.545,0
21.2,6,7.16,3,1,0,0.436,0
21.07,13,3.44,3,0,1,0.528,0
197.77,13,3.73,3,1,1,0.359,0
30.23,6,1.11,2,1,1,0.004,0
19.83,9,16.58,4,0,1,0.492,0
173.12,20,0.73,2,0,1,0.332,0
123.11,19,1.18,1,0,0,0.707,0
64.23,1,4.05,3,1,0,0.052,0
39.14,0,5.6,1,0,1,0.267,0
4.3,5,17.75,5,0,1,0.349,0
30.34,13,77.35,3,1,1,0.785,1
55.64,16,24.22,2,0,0,0.409,0
22.55,0,0.35,2,1,1,0.766,0
22.58,1,2.44,5,0,0,0.623,0
515.22,5,22.4,3,0,0,0.98,0
11.97,13,4.96,3,0,0,0.557,0
88.35,17,9.07,3,0,1,0.174,0
29.46,20,1.85,4,1,1,0.295,0
79.28,20,26.46,2,1,1,0.681,1
19.4,10,23.43,1,1,1,0.527,0
216.12,3,24.94,1,0,0,0.699,0
46.61,8,5.97,1,0,0,0.616,0
360.17,21,10.41,0,0,0,0.835,0
255.99,16,7.05,5,1,1,0.431,0
26.2,5,76.8,2,1,1,0.649,1
23.75,20,46.99,5,1,0,0.888,1
17.55,1,5.16,4,0,0,0.977,0
24.05,0,12.2,1,1,1,0.924,1
223.19,7,15.36,1,0,0,0.258,0
332.58,6,0.63,3,0,1,0.892,0
36.04,1,6.08,4,1,1,0.168,0
194.54,0,16.82,4,0,0,0.84,0
62.07,2,38.51,3,0,0,0.313,0
49.74,3,14.87,1,1,0,0.665,0
56.44,21,2.05,6,0,1,0.403,0
144.65,11,11.48,4,1,0,0.47,0
8.74,23,4.95,5,1,1,0.947,1
45.31,16,10.47,2,1,0,0.04,0
35.38,4,4.53,4,1,0,0.462,1
148.96,5,5.4,1,1,1,0.13,0
138.94,18,21.1,3,0,0,0.405,0
181.67,22,11.38,3,1,0,0.911,0
125.55,16,0.7,3,0,1,0.132,0
94.63,13,45.36,4,1,0,0.057,0
29.12,9,20.84,2,1,1,0.15,0
86.2,5,1.81,3,0,0,0.113,0
45.77,20,4.22,5,0,0,0.079,0
39.23,20,23.56,4,1,1,0.441,1
7.14,19,10.25,2,1,0,0.623,0
196.55,13,11.97,0,1,0,0.383,0
25.07,6,6.65,0,1,0,0.015,0
64.29,13,16.34,3,0,0,0.393,0
445.32,8,17.6,1,0,1,0.583,0
165.3,3,8.48,2,0,0,0.735,0
41.53,17,1.84,1,1,0,0.439,0
822.96,21,31.24,5,1,1,0.958,1
190.73,3,16.5,3,0,1,0.933,1
28.78,21,15.55,1,0,0,0.515,0
42.28,1,7.29,2,0,0,0.278,0
190.71,21,18.31,0,1,0,0.82,0
156.24,18,0.26,5,0,1,0.712,0
101.07,13,34.13,4,0,0,0.494,0
19.97,7,7.26,2,1,1,0.405,0
60.97,19,1.33,3,0,1,0.51,0
157.66,21,28.27,1,1,1,0.3,0
453.13,3,1.89,2,1,1,0.279,0
79.27,10,5.71,4,1,1,0.474,0
55.21,3,8.25,2,1,0,0.701,0
54.09,13,3.31,2,0,1,0.756,0
112.52,16,2.87,5,0,1,0.172,0
10.9,9,2.32,2,1,1,0.405,0
44.77,18,16.85,3,1,1,0.338,0
59.24,10,53.89,1,1,1,0.259,0
96.23,22,23.71,4,0,1,0.699,0
62.74,6,1.93,3,0,1,0.697,0
52.37,9,9.91,5,0,1,0.871,0
40.56,12,3.95,6,0,1,0.439,0
72.34,1,7.06,2,0,1,0.117,0
113.81,3,3.07,1,0,1,0.807,0
98.69,9,33.74,0,1,1,0.71,0
181.21,8,25.47,1,1,0,0.645,0
44.07,5,11.95,2,1,1,0.755,0
124.28,19,2.75,3,0,0,0.287,0
14.59,15,26.5,3,1,0,0.875,0
48.35,17,9.46,4,1,0,0.623,0
280.25,15,5.99,1,1,0,0.045,0
27.65,21,4.17,1,1,1,0.625,0
136.42,0,12.86,6,0,0,0.61,0
35.81,20,43.75,2,0,0,0.602,0
76.64,15,0.77,5,0,0,0.21,0
14.42,10,0.52,1,1,1,0.761,0
394.02,17,2.49,4,1,1,0.246,0
306.61,19,7.55,1,1,0,0.561,0
32.88,16,1.43,4,0,1,0.969,0
24.3,15,2.57,2,0,0,0.085,0
13.44,23,44.43,2,1,1,0.467,0
85.21,12,0.75,3,0,1,0.399,0
83.71,11,49.32,3,1,1,0.58,1
121.85,0,17.87,2,0,0,0.708,0
106.48,19,7.98,0,1,1,0.98,0
25.61,5,21.8,5,1,0,0.715,0
201.6,9,24.97,4,0,0,0.817,0
329.82,16,28.48,3,1,1,0.689,0
50.39,18,22.02,4,0,1,0.838,0
38.15,2,4.19,8,1,0,0.594,1
55.09,18,13.22,2,1,1,0.72,1
46.52,3,4.23,2,1,1,0.933,1
164.72,18,5.22,2,1,1,0.039,0
170.2,5,9.15,4,1,1,0.797,0
127.93,8,2.1,4,0,1,0.641,0
50.39,13,26.5,3,0,0,0.261,0
72.12,7,6.48,4,0,0,0.372,0
190.53,20,2.86,2,0,0,0.351,0
128.7,8,8.26,3,1,1,0.57,0
85.03,14,17.35,3,1,1,0.376,0
97.36,1,3.57,2,0,1,0.132,0
216.15,10,13.92,2,1,0,0.632,0
47.51,15,2.3,3,0,0,0.43,0
24.74,11,4.55,0,0,1,0.695,0
48.48,6,25.02,3,1,1,0.263,1
457.71,1,64.91,8,1,1,0.583,1
30.95,17,13.04,5,1,0,0.64,1
233.7,13,9.96,4,1,1,0.52,0
22.85,16,9.31,3,0,1,0.611,0
71.01,1,2.61,5,0,1,0.61,1
133.93,0,4.7,4,1,0,0.399,0
47.13,6,0.11,4,0,1,0.548,0
36.35,19,10.02,4,1,0,0.513,0
103.74,15,64.38,4,0,1,0.59,1
24.28,22,0.22,2,1,1,0.014,0
203.79,17,5.69,1,0,1,0.516,0
38.07,6,18.38,2,1,0,0.475,0
112.06,19,14.19,4,1,0,0.025,0
38.12,19,4.54,3,1,0,0.664,0
60.79,9,3.84,2,1,0,0.455,0
59.57,9,2.37,2,0,1,0.737,0
183.08,17,15.26,7,0,0,0.071,0
123.23,20,8.84,1,1,0,0.547,0
21.63,18,3.53,3,0,1,0.851,0
16.15,8,22.43,3,1,1,0.261,0
21.03,6,5.12,1,0,0,0.835,0
29.54,14,4.9,3,1,1,0.197,0
194.71,23,66.82,3,1,1,0.436,1
79.99,5,1.94,8,0,1,0.297,0
203.41,14,22.91,1,0,1,0.183,0
30.83,4,6.68,3,1,1,0.324,0
51.2,14,7.69,2,0,0,0.721,0
43.49,12,5.42,2,1,1,0.84,0
14.42,5,3.72,0,0,1,0.927,0
225.9,20,13.65,4,0,0,0.072,0
22.8,14,3.85,3,1,1,0.112,0
19.5,9,16.93,0,1,1,0.961,0
90.78,11,21.92,5,0,0,0.187,0
189.31,23,30.19,5,0,1,0.169,0
151.01,17,6.12,4,0,1,0.37,0
112.61,3,2.51,5,0,0,0.892,0
309.21,22,24.14,2,1,0,0.966,0
37.07,20,55.86,6,1,0,0.954,1
12.55,13,20.1,4,0,1,0.971,1
116.82,1,6.36,2,0,0,0.637,0
47.37,4,30.43,5,0,1,0.579,1
126.45,1,2.73,4,0,0,0.939,0
456.5,5,9.64,2,1,1,0.83,0
197.37,1,16.8,5,0,0,0.273,0
94.96,16,10.23,3,1,0,0.279,0
38.82,9,6.57,3,0,1,0.493,0
205.64,0,7.33,4,1,0,0.914,1
198.46,11,10.27,3,0,0,0.261,0
154.03,6,41.77,2,1,0,0.515,0
89.07,13,2.46,1,1,1,0.931,0
27.93,1,17.85,2,0,1,0.898,1
90.74,1,21.41,3,1,1,0.551,1
246.72,9,13.35,4,0,1,0.835,0
34.55,19,80.22,3,0,1,0.439,1
130.69,14,6.78,5,1,1,0.954,1
519.6,10,7.83,6,0,0,0.313,0
137.87,4,30.01,6,0,1,0.698,1
129.08,22,13.5,3,0,0,0.018,0
83.26,21,16.78,1,1,0,0.946,0
148.99,23,11.36,3,1,1,0.634,0
1546.27,9,9.21,2,0,0,0.758,0
33.89,21,18.91,2,0,0,0.512,0
35.58,8,1.73,2,1,0,0.228,0
97.4,8,14.96,3,1,1,0.28,0
25.96,8,15.59,3,1,1,0.411,0
31.0,1,23.08,2,0,1,0.568,0
26.28,10,44.97,3,1,0,0.134,0
70.46,2,0.54,4,1,1,0.939,1
9.03,1,17.83,5,0,0,0.047,0
34.42,18,7.65,8,1,1,0.86,1
21.55,22,2.21,4,1,1,0.53,0
44.81,14,11.02,1,0,0,0.068,0
106.8,7,23.6,4,1,0,0.834,0
106.34,21,6.69,4,1,0,0.535,0
74.04,19,0.07,4,1,1,0.684,1
116.28,8,2.05,2,0,0,0.206,0
49.61,0,31.37,4,0,0,0.837,0
61.76,11,8.2,2,0,1,0.035,0
31.27,7,14.11,3,1,1,0.241,0
77.63,3,1.74,5,1,1,0.909,1
47.63,13,29.42,5,1,0,0.347,0
12.58,23,16.01,5,1,0,0.795,1
68.31,7,2.38,6,0,1,0.342,0
631.4,22,11.37,5,1,0,0.597,0
13.93,19,5.23,6,0,0,0.641,0
71.17,19,22.35,2,0,0,0.383,0
11.13,1,3.22,2,1,0,0.398,0
317.03,13,14.21,3,0,1,0.749,0
432.47,3,1.54,4,1,1,0.929,1
195.77,1,2.79,1,0,1,0.665,0
294.34,11,1.09,3,0,0,0.494,0
55.73,0,44.03,2,1,0,0.669,0
33.29,13,15.17,2,0,1,0.635,0
17.11,0,44.09,3,0,0,0.583,0
62.81,14,2.49,2,0,1,0.369,0
163.25,2,4.23,5,0,0,0.315,0
103.49,2,7.57,5,1,1,0.632,1
52.67,10,3.3,4,0,0,0.093,0
360.24,11,2.4,4,0,0,0.478,0
18.41,10,17.56,3,0,1,0.682,0
28.94,13,0.72,3,0,0,0.464,0
170.03,21,9.88,4,1,1,0.975,1
9.89,22,11.5,3,0,0,0.818,0
18.38,15,23.48,0,1,0,0.418,0
58.09,2,14.78,1,0,0,0.891,0
121.69,10,4.39,3,0,0,0.349,0
122.45,1,1.12,6,0,0,0.905,1
218.49,2,0.1,6,1,0,0.692,1
112.95,10,14.66,5,1,1,0.505,0
25.78,0,1.17,3,1,1,0.613,1
44.38,13,7.84,2,1,1,0.016,0
41.85,23,10.4,6,0,1,0.946,0
149.63,0,1.25,1,1,1,0.571,0
133.89,10,36.34,5,0,0,0.953,0
42.52,4,7.23,5,0,1,0.256,0
12.4,11,7.07,2,0,0,0.695,0
79.66,13,23.2,3,1,0,0.017,0
14.7,23,15.3,2,1,1,0.593,0
22.61,4,10.5,4,0,0,0.635,0
77.14,21,26.88,4,0,0,0.229,0
84.73,3,24.88,3,1,0,0.608,1
30.85,20,4.82,2,0,0,0.962,0
66.71,6,17.63,3,0,0,0.984,0
92.22,1,4.17,3,1,0,0.277,0
377.81,0,15.72,6,1,0,0.066,0
137.75,16,2.93,6,0,1,0.665,0
31.4,12,11.24,2,0,1,0.893,0
41.53,7,3.52,4,1,1,0.655,0
89.27,21,0.92,6,1,1,0.097,0
148.96,9,9.43,6,1,1,0.844,1
64.44,15,6.54,0,0,1,0.462,0
58.81,8,5.75,1,1,0,0.537,0
274.59,16,2.05,4,0,1,0.82,0
67.85,0,5.47,2,0,0,0.994,0
9.0,18,20.6,3,1,1,0.878,0
1026.98,13,12.58,5,1,1,0.284,0
46.94,19,5.09,3,0,0,0.151,0
41.02,18,21.98,5,1,0,0.468,0
94.13,13,25.14,7,1,0,0.645,1
73.66,10,26.47,6,0,0,0.509,0
151.17,23,27.79,2,0,0,0.42,0
72.24,9,5.57,2,1,1,0.129,0
128.19,13,50.85,3,1,0,0.956,1
30.43,19,63.85,1,1,1,0.307,0
6.41,6,5.5,1,1,1,0.999,0
96.11,7,21.59,0,1,1,0.251,0
23.15,11,10.84,2,0,1,0.94,0
13.68,17,84.98,1,0,0,0.222,0
76.78,4,0.11,3,0,1,0.527,0
74.82,8,3.05,4,1,0,0.517,0
106.98,11,6.04,2,0,1,0.914,0
190.19,5,24.79,2,1,1,0.793,0
54.69,17,48.38,1,0,1,0.672,0
13.12,13,35.98,4,0,1,0.963,0
143.2,15,21.66,1,1,1,0.458,0
121.34,23,11.81,1,0,1,0.13,0
22.63,20,29.98,8,1,1,0.572,1
433.8,13,15.39,3,0,1,0.848,0
29.21,23,6.49,5,0,0,0.976,0
180.93,23,11.96,4,0,0,0.017,0
133.04,22,3.19,3,1,1,0.036,0
24.14,11,10.32,2,0,0,0.672,0
40.77,4,21.25,4,1,1,0.472,1
121.6,8,7.91,4,0,1,0.015,0
188.38,16,28.14,2,0,1,0.649,0
32.85,9,8.79,1,1,0,0.712,0
34.65,22,7.48,3,0,1,0.466,0
18.45,15,22.25,6,0,1,0.394,0
239.74,1,6.91,5,0,0,0.038,0
161.63,2,36.79,7,0,0,0.08,0
58.98,6,20.75,0,1,0,0.05,0
18.28,1,19.25,0,1,0,0.277,0
55.74,14,3.67,2,1,0,0.091,0
65.83,3,2.22,6,0,0,0.409,0
106.67,6,34.07,3,0,1,0.097,0
10.82,20,63.77,2,1,0,0.088,0
134.3,18,5.22,3,0,1,0.901,0
50.04,19,22.67,4,0,0,0.257,0
176.13,15,23.89,3,1,1,0.588,0
115.3,11,7.53,1,0,1,0.486,0
23.78,21,34.54,2,1,1,0.61,0
66.07,13,27.53,1,0,1,0.293,0
40.57,18,7.7,4,1,0,0.748,0
79.62,14,16.09,2,1,0,0.132,0
29.01,7,18.2,2,1,0,0.625,0
41.65,10,2.5,4,1,1,0.47,0
40.57,5,13.97,0,1,0,0.245,0
10.9,4,2.89,3,1,0,0.9,1
104.35,2,16.33,3,1,1,0.55,1
431.47,18,5.44,5,1,1,0.953,1
43.43,20,14.96,2,0,1,0.533,0
101.37,19,3.65,2,1,0,0.64,0
44.14,20,1.01,2,0,0,0.642,0
5.56,20,21.65,3,1,1,0.065,0
24.97,4,24.21,3,1,0,0.309,0
331.77,0,23.46,0,0,0,0.841,0
595.88,7,5.28,0,1,0,0.451,0
65.95,22,3.1,2,0,1,0.34,0
28.76,8,21.58,5,0,1,0.007,0
147.22,2,14.7,2,0,0,0.705,0
26.08,19,7.47,4,1,0,0.091,0
88.42,16,2.86,4,0,0,0.565,0
67.24,21,46.24,5,0,1,0.142,0
30.6,23,6.15,2,0,0,0.208,0
120.52,9,1.37,2,0,0,0.845,0
62.49,20,11.4,3,1,1,0.441,0
380.55,13,12.27,1,0,1,0.208,0
205.62,12,13.9,1,1,1,0.554,0
72.02,16,28.41,2,1,1,0.503,0
18.29,1,4.59,3,1,1,0.172,1
24.9,15,18.58,4,0,0,0.047,0
191.79,11,21.87,3,1,0,0.67,0
148.32,21,38.24,1,1,0,0.347,0
21.54,8,16.81,1,0,0,0.691,0
70.15,4,42.56,5,1,0,0.757,1
30.82,3,29.39,4,1,0,0.426,0
21.28,16,30.42,2,1,0,0.441,0
12.02,8,1.61,2,0,1,0.442,0
57.92,17,6.87,6,0,1,0.25,0
63.08,3,8.07,2,0,1,0.539,0
44.64,0,7.8,9,1,0,0.001,0
19.0,2,7.74,3,1,0,0.69,0
88.09,0,10.39,3,1,0,0.501,0
37.47,10,16.64,6,0,0,0.059,0
131.79,13,3.71,5,1,0,0.428,0
82.47,22,2.1,6,1,0,0.403,0
42.2,2,16.29,1,1,1,0.893,1
164.05,1,7.27,3,1,0,0.798,0
31.44,2,6.73,3,0,0,0.007,0
33.08,6,18.84,4,0,0,0.473,0
70.25,5,14.01,0,0,0,0.599,0
138.84,22,37.0,0,0,1,0.269,0
55.18,21,8.39,2,1,0,0.918,0
74.57,7,7.56,0,0,1,0.487,0
86.98,20,18.52,2,1,1,0.191,0
48.16,15,70.53,4,0,0,0.635,0
85.99,20,17.72,3,1,1,0.891,1
82.92,19,24.89,1,0,0,0.152,0
12.47,2,40.08,2,1,1,0.135,1
244.63,1,10.02,3,1,0,0.192,0
283.64,13,6.48,3,0,0,0.738,0
77.61,5,0.49,1,1,1,0.53,0
187.92,1,53.29,2,1,1,0.288,1
77.04,16,0.17,3,1,0,0.671,0
148.13,11,2.46,8,0,0,0.526,0
182.67,3,3.78,2,1,0,0.945,1
44.66,23,30.25,3,0,1,0.175,0
107.81,8,42.46,6,1,0,0.545,1
269.03,17,1.26,5,1,0,0.946,0
201.37,23,17.47,5,1,0,0.613,0
314.38,0,7.88,3,1,0,0.96,0
291.97,1,12.72,2,1,0,0.949,0
124.7,9,25.56,6,0,0,0.888,0
27.01,20,9.83,2,0,1,0.347,0
127.16,8,26.48,2,1,0,0.414,0
172.92,5,16.43,4,0,1,0.799,0
162.83,14,12.94,2,1,1,0.445,0
38.61,3,7.66,3,0,0,0.791,0
146.69,12,16.64,5,0,1,0.248,0
39.94,21,4.4,3,1,1,0.327,0
143.42,13,10.32,2,1,1,0.969,0
475.84,10,23.42,3,0,0,0.485,0
26.78,13,9.01,2,1,0,0.059,0
46.32,12,15.62,3,1,1,0.588,0
74.12,8,58.3,2,0,1,0.418,0
251.41,2,34.01,3,0,1,0.538,1
1828.88,1,2.93,4,0,0,0.529,0
111.91,6,23.17,3,1,1,0.691,1
76.69,10,6.0,3,0,0,0.007,0
58.9,10,3.25,1,0,1,0.265,0
10.7,0,3.86,2,0,1,0.829,0
68.14,20,36.82,2,1,0,0.331,0
79.44,18,6.31,0,0,0,0.501,0
269.86,1,7.6,2,0,0,0.18,0
8.57,9,17.95,4,1,1,0.956,1
62.6,4,25.44,3,0,1,0.104,0
84.45,12,20.43,4,0,0,0.678,0
19.47,23,4.62,3,1,0,0.827,0
233.04,17,7.81,1,0,0,0.369,0
79.74,22,47.11,4,1,0,0.135,0
122.91,8,3.34,5,1,1,0.783,1
57.63,20,5.41,1,1,1,0.483,0
48.01,8,9.94,2,1,0,0.528,0
13.26,11,7.1,1,1,0,0.642,0
134.99,8,19.95,4,0,1,0.517,0
188.97,10,17.3,3,0,1,0.202,0
122.33,23,1.09,2,1,1,0.173,0
29.69,5,9.78,2,1,0,0.269,0
34.94,0,18.22,2,1,0,0.949,0
18.88,20,12.99,0,1,1,0.105,0
53.23,6,9.66,5,0,1,0.27,0
272.51,12,16.23,5,0,0,0.383,0
128.59,6,3.15,3,0,0,0.536,0
33.17,5,32.13,1,0,0,0.232,0
15.28,0,7.19,0,1,0,0.494,0
86.08,18,11.21,4,1,0,0.55,0
105.77,5,41.56,2,1,0,0.481,0
52.9,1,1.26,6,1,1,0.619,1
46.59,2,11.11,4,1,1,0.794,1
38.9,19,7.47,1,0,0,0.845,0
52.84,15,19.58,6,1,1,0.898,1
25.08,5,4.65,4,1,1,0.235,0
84.24,9,3.72,2,0,1,0.572,0
100.76,16,19.36,2,1,1,0.351,0
86.06,18,14.72,5,0,1,0.369,0
75.33,10,21.36,0,1,0,0.988,0
243.99,0,0.99,2,1,1,0.493,1
50.58,10,6.12,1,1,1,0.8,1
67.82,19,28.55,3,0,0,0.002,0
388.7,22,31.73,0,1,0,0.376,0
16.1,9,3.93,1,0,1,0.505,0
8.8,11,7.1,3,1,1,0.225,0
110.32,22,2.28,3,1,0,0.73,0
53.34,13,22.34,3,0,1,0.789,0
449.48,19,20.77,3,1,0,0.909,0
174.61,9,1.22,5,1,0,0.688,0
142.01,4,19.0,1,0,0,0.703,0
150.2,6,5.38,1,0,1,0.105,0
23.96,8,5.86,6,1,1,0.881,1
73.57,8,49.72,2,1,0,0.705,1
518.18,1,1.43,4,1,1,0.748,1
19.07,17,31.26,3,0,1,0.162,0
63.93,12,60.62,2,0,0,0.013,0
23.51,15,1.46,4,0,0,0.977,0
121.62,12,0.34,5,0,1,0.152,0
166.23,1,38.41,2,0,1,0.566,1
26.21,16,8.71,2,1,0,0.607,0
65.77,21,25.89,3,1,0,0.426,0
256.94,4,18.88,1,1,0,0.25,0
72.33,2,7.61,3,0,1,0.592,0
23.5,21,19.05,1,0,1,0.418,0
104.61,5,31.41,4,1,1,0.697,1
470.49,13,7.08,4,0,0,0.22,0
16.74,15,9.73,3,0,1,0.405,0
42.61,9,0.45,6,1,1,0.37,0
49.65,9,2.16,4,0,0,0.003,0
110.24,20,14.43,3,1,0,0.416,0
89.17,4,19.11,4,0,0,0.156,0
119.13,4,32.41,2,0,0,0.65,0
425.96,13,5.84,1,1,0,0.617,0
63.37,13,3.32,3,1,1,0.458,0
28.72,8,1.84,5,1,1,0.581,1
72.58,22,0.92,1,0,1,0.705,0
299.47,19,9.33,5,1,0,0.6,0
55.78,9,15.08,2,1,0,0.745,0
130.46,23,17.45,6,1,1,0.845,1
76.68,16,2.02,2,1,0,0.579,0
55.36,0,1.93,2,1,0,0.725,0
44.19,12,11.39,4,0,0,0.11,0
164.77,4,3.25,7,1,1,0.327,1
40.02,10,20.53,2,1,0,0.217,0
54.31,0,8.99,3,0,0,0.253,0
12.26,9,22.0,6,0,0,0.949,0
53.01,22,46.26,2,0,1,0.807,0
54.79,14,1.26,3,1,0,0.259,0
75.39,19,0.05,2,1,1,0.555,0
38.25,7,5.54,1,0,1,0.343,0
17.87,15,13.49,2,1,1,0.658,0
92.38,10,6.61,4,0,1,0.407,0
113.58,21,19.79,3,1,0,0.584,0
32.47,12,22.11,3,1,1,0.234,0
81.25,8,17.11,5,1,0,0.122,0
40.28,18,22.52,1,1,1,0.577,0
53.21,17,7.73,5,0,0,0.547,0
72.92,5,14.15,4,1,0,0.154,0
36.71,11,14.98,2,1,1,0.782,0
23.17,3,8.37,3,0,0,0.7,0
427.99,10,7.88,4,0,1,0.333,0
53.86,10,5.02,3,0,0,0.131,0
79.33,11,1.08,4,1,0,0.892,0
235.18,14,8.84,7,0,0,0.005,0
193.87,13,32.21,2,1,1,0.453,0
24.32,20,1.56,2,1,0,0.215,0
39.12,4,5.21,3,0,0,0.767,0
1211.55,6,2.6,7,0,1,0.252,0
70.5,1,17.93,4,1,1,0.374,1
147.85,13,1.78,1,1,0,0.919,0
87.4,4,27.76,6,1,0,0.195,0
51.93,6,17.57,3,1,1,0.827,0
68.63,20,2.26,4,1,0,0.988,0
85.44,10,62.41,4,1,1,0.954,1
91.62,17,34.47,1,1,1,0.205,0
4.85,17,10.72,3,0,0,0.296,0
38.85,11,26.06,4,1,0,0.682,0
29.55,4,30.95,0,0,1,0.733,0
10.19,13,0.35,4,1,1,0.277,0
26.09,15,10.66,2,0,0,0.537,0
7.11,9,0.8,3,0,0,0.254,0
384.35,10,0.16,1,1,0,0.621,0
39.14,4,5.04,1,0,1,0.743,0
38.9,16,4.22,0,0,1,0.392,0
135.5,4,5.86,2,0,0,0.943,0
50.58,3,26.09,4,1,1,0.484,1
123.76,14,0.92,2,0,1,0.278,0
45.59,0,11.63,5,1,0,0.625,0
58.65,8,6.44,1,0,0,0.723,0
45.17,8,4.68,1,0,1,0.059,0
153.57,21,14.15,2,0,1,0.79,0
